state;action;action_parameters;result;next_state
"{""next(l0, l1)"": ""true"", ""next(l1, l2)"": ""true"", ""next(l2, l3)"": ""true"", ""next(l3, l4)"": ""true"", ""route-fly(ca, cb)"": ""true"", ""route-fly(cb, ca)"": ""true"", ""route-zoom(cb, cc)"": ""true"", ""route-zoom(cc, cb)"": ""true"", ""at-aircraft(a1, ca)"": ""true"", ""fuel-level(a1, l3)"": ""true"", ""at-person(p1, ca)"": ""true"", ""at-person(p2, cb)"": ""true"", ""at-person(p2, ca)"": ""false"", ""at-person(p1, cb)"": ""false"", ""at-person(p1, cc)"": ""false"", ""at-person(p2, cc)"": ""false"", ""at-aircraft(a1, cb)"": ""false"", ""at-aircraft(a1, cc)"": ""false"", ""in(p1, a1)"": ""false"", ""in(p2, a1)"": ""false"", ""route-fly(ca, ca)"": ""false"", ""route-fly(cc, ca)"": ""false"", ""route-fly(cb, cb)"": ""false"", ""route-fly(cc, cb)"": ""false"", ""route-fly(ca, cc)"": ""false"", ""route-fly(cb, cc)"": ""false"", ""route-fly(cc, cc)"": ""false"", ""route-zoom(ca, ca)"": ""false"", ""route-zoom(cb, ca)"": ""false"", ""route-zoom(cc, ca)"": ""false"", ""route-zoom(ca, cb)"": ""false"", ""route-zoom(cb, cb)"": ""false"", ""route-zoom(ca, cc)"": ""false"", ""route-zoom(cc, cc)"": ""false"", ""fuel-level(a1, l0)"": ""false"", ""fuel-level(a1, l1)"": ""false"", ""fuel-level(a1, l2)"": ""false"", ""fuel-level(a1, l4)"": ""false"", ""next(l0, l0)"": ""false"", ""next(l1, l0)"": ""false"", ""next(l2, l0)"": ""false"", ""next(l3, l0)"": ""false"", ""next(l4, l0)"": ""false"", ""next(l1, l1)"": ""false"", ""next(l2, l1)"": ""false"", ""next(l3, l1)"": ""false"", ""next(l4, l1)"": ""false"", ""next(l0, l2)"": ""false"", ""next(l2, l2)"": ""false"", ""next(l3, l2)"": ""false"", ""next(l4, l2)"": ""false"", ""next(l0, l3)"": ""false"", ""next(l1, l3)"": ""false"", ""next(l3, l3)"": ""false"", ""next(l4, l3)"": ""false"", ""next(l0, l4)"": ""false"", ""next(l1, l4)"": ""false"", ""next(l2, l4)"": ""false"", ""next(l4, l4)"": ""false""}";board;"[""p1"", ""a1"", ""ca""]";True;"{""at-person(p1, ca)"": ""false"", ""in(p1, a1)"": ""true"", ""next(l0, l1)"": ""true"", ""next(l1, l2)"": ""true"", ""next(l2, l3)"": ""true"", ""next(l3, l4)"": ""true"", ""route-fly(ca, cb)"": ""true"", ""route-fly(cb, ca)"": ""true"", ""route-zoom(cb, cc)"": ""true"", ""route-zoom(cc, cb)"": ""true"", ""at-aircraft(a1, ca)"": ""true"", ""fuel-level(a1, l3)"": ""true"", ""at-person(p2, cb)"": ""true"", ""at-person(p2, ca)"": ""false"", ""at-person(p1, cb)"": ""false"", ""at-person(p1, cc)"": ""false"", ""at-person(p2, cc)"": ""false"", ""at-aircraft(a1, cb)"": ""false"", ""at-aircraft(a1, cc)"": ""false"", ""in(p2, a1)"": ""false"", ""route-fly(ca, ca)"": ""false"", ""route-fly(cc, ca)"": ""false"", ""route-fly(cb, cb)"": ""false"", ""route-fly(cc, cb)"": ""false"", ""route-fly(ca, cc)"": ""false"", ""route-fly(cb, cc)"": ""false"", ""route-fly(cc, cc)"": ""false"", ""route-zoom(ca, ca)"": ""false"", ""route-zoom(cb, ca)"": ""false"", ""route-zoom(cc, ca)"": ""false"", ""route-zoom(ca, cb)"": ""false"", ""route-zoom(cb, cb)"": ""false"", ""route-zoom(ca, cc)"": ""false"", ""route-zoom(cc, cc)"": ""false"", ""fuel-level(a1, l0)"": ""false"", ""fuel-level(a1, l1)"": ""false"", ""fuel-level(a1, l2)"": ""false"", ""fuel-level(a1, l4)"": ""false"", ""next(l0, l0)"": ""false"", ""next(l1, l0)"": ""false"", ""next(l2, l0)"": ""false"", ""next(l3, l0)"": ""false"", ""next(l4, l0)"": ""false"", ""next(l1, l1)"": ""false"", ""next(l2, l1)"": ""false"", ""next(l3, l1)"": ""false"", ""next(l4, l1)"": ""false"", ""next(l0, l2)"": ""false"", ""next(l2, l2)"": ""false"", ""next(l3, l2)"": ""false"", ""next(l4, l2)"": ""false"", ""next(l0, l3)"": ""false"", ""next(l1, l3)"": ""false"", ""next(l3, l3)"": ""false"", ""next(l4, l3)"": ""false"", ""next(l0, l4)"": ""false"", ""next(l1, l4)"": ""false"", ""next(l2, l4)"": ""false"", ""next(l4, l4)"": ""false""}"
"{""next(l0, l1)"": ""true"", ""next(l1, l2)"": ""true"", ""next(l2, l3)"": ""true"", ""next(l3, l4)"": ""true"", ""route-fly(ca, cb)"": ""true"", ""route-fly(cb, ca)"": ""true"", ""route-zoom(cb, cc)"": ""true"", ""route-zoom(cc, cb)"": ""true"", ""at-aircraft(a1, ca)"": ""true"", ""fuel-level(a1, l3)"": ""true"", ""at-person(p1, ca)"": ""true"", ""at-person(p2, cb)"": ""true"", ""at-person(p2, ca)"": ""false"", ""at-person(p1, cb)"": ""false"", ""at-person(p1, cc)"": ""false"", ""at-person(p2, cc)"": ""false"", ""at-aircraft(a1, cb)"": ""false"", ""at-aircraft(a1, cc)"": ""false"", ""in(p1, a1)"": ""false"", ""in(p2, a1)"": ""false"", ""route-fly(ca, ca)"": ""false"", ""route-fly(cc, ca)"": ""false"", ""route-fly(cb, cb)"": ""false"", ""route-fly(cc, cb)"": ""false"", ""route-fly(ca, cc)"": ""false"", ""route-fly(cb, cc)"": ""false"", ""route-fly(cc, cc)"": ""false"", ""route-zoom(ca, ca)"": ""false"", ""route-zoom(cb, ca)"": ""false"", ""route-zoom(cc, ca)"": ""false"", ""route-zoom(ca, cb)"": ""false"", ""route-zoom(cb, cb)"": ""false"", ""route-zoom(ca, cc)"": ""false"", ""route-zoom(cc, cc)"": ""false"", ""fuel-level(a1, l0)"": ""false"", ""fuel-level(a1, l1)"": ""false"", ""fuel-level(a1, l2)"": ""false"", ""fuel-level(a1, l4)"": ""false"", ""next(l0, l0)"": ""false"", ""next(l1, l0)"": ""false"", ""next(l2, l0)"": ""false"", ""next(l3, l0)"": ""false"", ""next(l4, l0)"": ""false"", ""next(l1, l1)"": ""false"", ""next(l2, l1)"": ""false"", ""next(l3, l1)"": ""false"", ""next(l4, l1)"": ""false"", ""next(l0, l2)"": ""false"", ""next(l2, l2)"": ""false"", ""next(l3, l2)"": ""false"", ""next(l4, l2)"": ""false"", ""next(l0, l3)"": ""false"", ""next(l1, l3)"": ""false"", ""next(l3, l3)"": ""false"", ""next(l4, l3)"": ""false"", ""next(l0, l4)"": ""false"", ""next(l1, l4)"": ""false"", ""next(l2, l4)"": ""false"", ""next(l4, l4)"": ""false""}";fly;"[""a1"", ""cb"", ""cc"", ""l1"", ""l3""]";False;None
"{""next(l0, l1)"": ""true"", ""next(l1, l2)"": ""true"", ""next(l2, l3)"": ""true"", ""next(l3, l4)"": ""true"", ""route-fly(ca, cb)"": ""true"", ""route-fly(cb, ca)"": ""true"", ""route-zoom(cb, cc)"": ""true"", ""route-zoom(cc, cb)"": ""true"", ""at-aircraft(a1, ca)"": ""true"", ""fuel-level(a1, l3)"": ""true"", ""at-person(p1, ca)"": ""true"", ""at-person(p2, cb)"": ""true"", ""at-person(p2, ca)"": ""false"", ""at-person(p1, cb)"": ""false"", ""at-person(p1, cc)"": ""false"", ""at-person(p2, cc)"": ""false"", ""at-aircraft(a1, cb)"": ""false"", ""at-aircraft(a1, cc)"": ""false"", ""in(p1, a1)"": ""false"", ""in(p2, a1)"": ""false"", ""route-fly(ca, ca)"": ""false"", ""route-fly(cc, ca)"": ""false"", ""route-fly(cb, cb)"": ""false"", ""route-fly(cc, cb)"": ""false"", ""route-fly(ca, cc)"": ""false"", ""route-fly(cb, cc)"": ""false"", ""route-fly(cc, cc)"": ""false"", ""route-zoom(ca, ca)"": ""false"", ""route-zoom(cb, ca)"": ""false"", ""route-zoom(cc, ca)"": ""false"", ""route-zoom(ca, cb)"": ""false"", ""route-zoom(cb, cb)"": ""false"", ""route-zoom(ca, cc)"": ""false"", ""route-zoom(cc, cc)"": ""false"", ""fuel-level(a1, l0)"": ""false"", ""fuel-level(a1, l1)"": ""false"", ""fuel-level(a1, l2)"": ""false"", ""fuel-level(a1, l4)"": ""false"", ""next(l0, l0)"": ""false"", ""next(l1, l0)"": ""false"", ""next(l2, l0)"": ""false"", ""next(l3, l0)"": ""false"", ""next(l4, l0)"": ""false"", ""next(l1, l1)"": ""false"", ""next(l2, l1)"": ""false"", ""next(l3, l1)"": ""false"", ""next(l4, l1)"": ""false"", ""next(l0, l2)"": ""false"", ""next(l2, l2)"": ""false"", ""next(l3, l2)"": ""false"", ""next(l4, l2)"": ""false"", ""next(l0, l3)"": ""false"", ""next(l1, l3)"": ""false"", ""next(l3, l3)"": ""false"", ""next(l4, l3)"": ""false"", ""next(l0, l4)"": ""false"", ""next(l1, l4)"": ""false"", ""next(l2, l4)"": ""false"", ""next(l4, l4)"": ""false""}";fly;"[""a1"", ""cc"", ""ca"", ""l2"", ""l1""]";False;None
"{""at-person(p1, ca)"": ""false"", ""in(p1, a1)"": ""true"", ""next(l0, l1)"": ""true"", ""next(l1, l2)"": ""true"", ""next(l2, l3)"": ""true"", ""next(l3, l4)"": ""true"", ""route-fly(ca, cb)"": ""true"", ""route-fly(cb, ca)"": ""true"", ""route-zoom(cb, cc)"": ""true"", ""route-zoom(cc, cb)"": ""true"", ""at-aircraft(a1, ca)"": ""true"", ""fuel-level(a1, l3)"": ""true"", ""at-person(p2, cb)"": ""true"", ""at-person(p2, ca)"": ""false"", ""at-person(p1, cb)"": ""false"", ""at-person(p1, cc)"": ""false"", ""at-person(p2, cc)"": ""false"", ""at-aircraft(a1, cb)"": ""false"", ""at-aircraft(a1, cc)"": ""false"", ""in(p2, a1)"": ""false"", ""route-fly(ca, ca)"": ""false"", ""route-fly(cc, ca)"": ""false"", ""route-fly(cb, cb)"": ""false"", ""route-fly(cc, cb)"": ""false"", ""route-fly(ca, cc)"": ""false"", ""route-fly(cb, cc)"": ""false"", ""route-fly(cc, cc)"": ""false"", ""route-zoom(ca, ca)"": ""false"", ""route-zoom(cb, ca)"": ""false"", ""route-zoom(cc, ca)"": ""false"", ""route-zoom(ca, cb)"": ""false"", ""route-zoom(cb, cb)"": ""false"", ""route-zoom(ca, cc)"": ""false"", ""route-zoom(cc, cc)"": ""false"", ""fuel-level(a1, l0)"": ""false"", ""fuel-level(a1, l1)"": ""false"", ""fuel-level(a1, l2)"": ""false"", ""fuel-level(a1, l4)"": ""false"", ""next(l0, l0)"": ""false"", ""next(l1, l0)"": ""false"", ""next(l2, l0)"": ""false"", ""next(l3, l0)"": ""false"", ""next(l4, l0)"": ""false"", ""next(l1, l1)"": ""false"", ""next(l2, l1)"": ""false"", ""next(l3, l1)"": ""false"", ""next(l4, l1)"": ""false"", ""next(l0, l2)"": ""false"", ""next(l2, l2)"": ""false"", ""next(l3, l2)"": ""false"", ""next(l4, l2)"": ""false"", ""next(l0, l3)"": ""false"", ""next(l1, l3)"": ""false"", ""next(l3, l3)"": ""false"", ""next(l4, l3)"": ""false"", ""next(l0, l4)"": ""false"", ""next(l1, l4)"": ""false"", ""next(l2, l4)"": ""false"", ""next(l4, l4)"": ""false""}";debark;"[""p1"", ""a1"", ""ca""]";True;"{""in(p1, a1)"": ""false"", ""at-person(p1, ca)"": ""true"", ""next(l0, l1)"": ""true"", ""next(l1, l2)"": ""true"", ""next(l2, l3)"": ""true"", ""next(l3, l4)"": ""true"", ""route-fly(ca, cb)"": ""true"", ""route-fly(cb, ca)"": ""true"", ""route-zoom(cb, cc)"": ""true"", ""route-zoom(cc, cb)"": ""true"", ""at-aircraft(a1, ca)"": ""true"", ""fuel-level(a1, l3)"": ""true"", ""at-person(p2, cb)"": ""true"", ""at-person(p2, ca)"": ""false"", ""at-person(p1, cb)"": ""false"", ""at-person(p1, cc)"": ""false"", ""at-person(p2, cc)"": ""false"", ""at-aircraft(a1, cb)"": ""false"", ""at-aircraft(a1, cc)"": ""false"", ""in(p2, a1)"": ""false"", ""route-fly(ca, ca)"": ""false"", ""route-fly(cc, ca)"": ""false"", ""route-fly(cb, cb)"": ""false"", ""route-fly(cc, cb)"": ""false"", ""route-fly(ca, cc)"": ""false"", ""route-fly(cb, cc)"": ""false"", ""route-fly(cc, cc)"": ""false"", ""route-zoom(ca, ca)"": ""false"", ""route-zoom(cb, ca)"": ""false"", ""route-zoom(cc, ca)"": ""false"", ""route-zoom(ca, cb)"": ""false"", ""route-zoom(cb, cb)"": ""false"", ""route-zoom(ca, cc)"": ""false"", ""route-zoom(cc, cc)"": ""false"", ""fuel-level(a1, l0)"": ""false"", ""fuel-level(a1, l1)"": ""false"", ""fuel-level(a1, l2)"": ""false"", ""fuel-level(a1, l4)"": ""false"", ""next(l0, l0)"": ""false"", ""next(l1, l0)"": ""false"", ""next(l2, l0)"": ""false"", ""next(l3, l0)"": ""false"", ""next(l4, l0)"": ""false"", ""next(l1, l1)"": ""false"", ""next(l2, l1)"": ""false"", ""next(l3, l1)"": ""false"", ""next(l4, l1)"": ""false"", ""next(l0, l2)"": ""false"", ""next(l2, l2)"": ""false"", ""next(l3, l2)"": ""false"", ""next(l4, l2)"": ""false"", ""next(l0, l3)"": ""false"", ""next(l1, l3)"": ""false"", ""next(l3, l3)"": ""false"", ""next(l4, l3)"": ""false"", ""next(l0, l4)"": ""false"", ""next(l1, l4)"": ""false"", ""next(l2, l4)"": ""false"", ""next(l4, l4)"": ""false""}"
"{""at-person(p1, ca)"": ""false"", ""in(p1, a1)"": ""true"", ""next(l0, l1)"": ""true"", ""next(l1, l2)"": ""true"", ""next(l2, l3)"": ""true"", ""next(l3, l4)"": ""true"", ""route-fly(ca, cb)"": ""true"", ""route-fly(cb, ca)"": ""true"", ""route-zoom(cb, cc)"": ""true"", ""route-zoom(cc, cb)"": ""true"", ""at-aircraft(a1, ca)"": ""true"", ""fuel-level(a1, l3)"": ""true"", ""at-person(p2, cb)"": ""true"", ""at-person(p2, ca)"": ""false"", ""at-person(p1, cb)"": ""false"", ""at-person(p1, cc)"": ""false"", ""at-person(p2, cc)"": ""false"", ""at-aircraft(a1, cb)"": ""false"", ""at-aircraft(a1, cc)"": ""false"", ""in(p2, a1)"": ""false"", ""route-fly(ca, ca)"": ""false"", ""route-fly(cc, ca)"": ""false"", ""route-fly(cb, cb)"": ""false"", ""route-fly(cc, cb)"": ""false"", ""route-fly(ca, cc)"": ""false"", ""route-fly(cb, cc)"": ""false"", ""route-fly(cc, cc)"": ""false"", ""route-zoom(ca, ca)"": ""false"", ""route-zoom(cb, ca)"": ""false"", ""route-zoom(cc, ca)"": ""false"", ""route-zoom(ca, cb)"": ""false"", ""route-zoom(cb, cb)"": ""false"", ""route-zoom(ca, cc)"": ""false"", ""route-zoom(cc, cc)"": ""false"", ""fuel-level(a1, l0)"": ""false"", ""fuel-level(a1, l1)"": ""false"", ""fuel-level(a1, l2)"": ""false"", ""fuel-level(a1, l4)"": ""false"", ""next(l0, l0)"": ""false"", ""next(l1, l0)"": ""false"", ""next(l2, l0)"": ""false"", ""next(l3, l0)"": ""false"", ""next(l4, l0)"": ""false"", ""next(l1, l1)"": ""false"", ""next(l2, l1)"": ""false"", ""next(l3, l1)"": ""false"", ""next(l4, l1)"": ""false"", ""next(l0, l2)"": ""false"", ""next(l2, l2)"": ""false"", ""next(l3, l2)"": ""false"", ""next(l4, l2)"": ""false"", ""next(l0, l3)"": ""false"", ""next(l1, l3)"": ""false"", ""next(l3, l3)"": ""false"", ""next(l4, l3)"": ""false"", ""next(l0, l4)"": ""false"", ""next(l1, l4)"": ""false"", ""next(l2, l4)"": ""false"", ""next(l4, l4)"": ""false""}";fly;"[""a1"", ""ca"", ""cb"", ""l4"", ""l2""]";False;None
"{""at-person(p1, ca)"": ""false"", ""in(p1, a1)"": ""true"", ""next(l0, l1)"": ""true"", ""next(l1, l2)"": ""true"", ""next(l2, l3)"": ""true"", ""next(l3, l4)"": ""true"", ""route-fly(ca, cb)"": ""true"", ""route-fly(cb, ca)"": ""true"", ""route-zoom(cb, cc)"": ""true"", ""route-zoom(cc, cb)"": ""true"", ""at-aircraft(a1, ca)"": ""true"", ""fuel-level(a1, l3)"": ""true"", ""at-person(p2, cb)"": ""true"", ""at-person(p2, ca)"": ""false"", ""at-person(p1, cb)"": ""false"", ""at-person(p1, cc)"": ""false"", ""at-person(p2, cc)"": ""false"", ""at-aircraft(a1, cb)"": ""false"", ""at-aircraft(a1, cc)"": ""false"", ""in(p2, a1)"": ""false"", ""route-fly(ca, ca)"": ""false"", ""route-fly(cc, ca)"": ""false"", ""route-fly(cb, cb)"": ""false"", ""route-fly(cc, cb)"": ""false"", ""route-fly(ca, cc)"": ""false"", ""route-fly(cb, cc)"": ""false"", ""route-fly(cc, cc)"": ""false"", ""route-zoom(ca, ca)"": ""false"", ""route-zoom(cb, ca)"": ""false"", ""route-zoom(cc, ca)"": ""false"", ""route-zoom(ca, cb)"": ""false"", ""route-zoom(cb, cb)"": ""false"", ""route-zoom(ca, cc)"": ""false"", ""route-zoom(cc, cc)"": ""false"", ""fuel-level(a1, l0)"": ""false"", ""fuel-level(a1, l1)"": ""false"", ""fuel-level(a1, l2)"": ""false"", ""fuel-level(a1, l4)"": ""false"", ""next(l0, l0)"": ""false"", ""next(l1, l0)"": ""false"", ""next(l2, l0)"": ""false"", ""next(l3, l0)"": ""false"", ""next(l4, l0)"": ""false"", ""next(l1, l1)"": ""false"", ""next(l2, l1)"": ""false"", ""next(l3, l1)"": ""false"", ""next(l4, l1)"": ""false"", ""next(l0, l2)"": ""false"", ""next(l2, l2)"": ""false"", ""next(l3, l2)"": ""false"", ""next(l4, l2)"": ""false"", ""next(l0, l3)"": ""false"", ""next(l1, l3)"": ""false"", ""next(l3, l3)"": ""false"", ""next(l4, l3)"": ""false"", ""next(l0, l4)"": ""false"", ""next(l1, l4)"": ""false"", ""next(l2, l4)"": ""false"", ""next(l4, l4)"": ""false""}";zoom;"[""a1"", ""ca"", ""cb"", ""l2"", ""l4"", ""l3""]";False;None
"{""in(p1, a1)"": ""false"", ""at-person(p1, ca)"": ""true"", ""next(l0, l1)"": ""true"", ""next(l1, l2)"": ""true"", ""next(l2, l3)"": ""true"", ""next(l3, l4)"": ""true"", ""route-fly(ca, cb)"": ""true"", ""route-fly(cb, ca)"": ""true"", ""route-zoom(cb, cc)"": ""true"", ""route-zoom(cc, cb)"": ""true"", ""at-aircraft(a1, ca)"": ""true"", ""fuel-level(a1, l3)"": ""true"", ""at-person(p2, cb)"": ""true"", ""at-person(p2, ca)"": ""false"", ""at-person(p1, cb)"": ""false"", ""at-person(p1, cc)"": ""false"", ""at-person(p2, cc)"": ""false"", ""at-aircraft(a1, cb)"": ""false"", ""at-aircraft(a1, cc)"": ""false"", ""in(p2, a1)"": ""false"", ""route-fly(ca, ca)"": ""false"", ""route-fly(cc, ca)"": ""false"", ""route-fly(cb, cb)"": ""false"", ""route-fly(cc, cb)"": ""false"", ""route-fly(ca, cc)"": ""false"", ""route-fly(cb, cc)"": ""false"", ""route-fly(cc, cc)"": ""false"", ""route-zoom(ca, ca)"": ""false"", ""route-zoom(cb, ca)"": ""false"", ""route-zoom(cc, ca)"": ""false"", ""route-zoom(ca, cb)"": ""false"", ""route-zoom(cb, cb)"": ""false"", ""route-zoom(ca, cc)"": ""false"", ""route-zoom(cc, cc)"": ""false"", ""fuel-level(a1, l0)"": ""false"", ""fuel-level(a1, l1)"": ""false"", ""fuel-level(a1, l2)"": ""false"", ""fuel-level(a1, l4)"": ""false"", ""next(l0, l0)"": ""false"", ""next(l1, l0)"": ""false"", ""next(l2, l0)"": ""false"", ""next(l3, l0)"": ""false"", ""next(l4, l0)"": ""false"", ""next(l1, l1)"": ""false"", ""next(l2, l1)"": ""false"", ""next(l3, l1)"": ""false"", ""next(l4, l1)"": ""false"", ""next(l0, l2)"": ""false"", ""next(l2, l2)"": ""false"", ""next(l3, l2)"": ""false"", ""next(l4, l2)"": ""false"", ""next(l0, l3)"": ""false"", ""next(l1, l3)"": ""false"", ""next(l3, l3)"": ""false"", ""next(l4, l3)"": ""false"", ""next(l0, l4)"": ""false"", ""next(l1, l4)"": ""false"", ""next(l2, l4)"": ""false"", ""next(l4, l4)"": ""false""}";fly;"[""a1"", ""ca"", ""cb"", ""l3"", ""l2""]";True;"{""at-aircraft(a1, ca)"": ""false"", ""at-aircraft(a1, cb)"": ""true"", ""fuel-level(a1, l3)"": ""false"", ""fuel-level(a1, l2)"": ""true"", ""in(p1, a1)"": ""false"", ""at-person(p1, ca)"": ""true"", ""next(l0, l1)"": ""true"", ""next(l1, l2)"": ""true"", ""next(l2, l3)"": ""true"", ""next(l3, l4)"": ""true"", ""route-fly(ca, cb)"": ""true"", ""route-fly(cb, ca)"": ""true"", ""route-zoom(cb, cc)"": ""true"", ""route-zoom(cc, cb)"": ""true"", ""at-person(p2, cb)"": ""true"", ""at-person(p2, ca)"": ""false"", ""at-person(p1, cb)"": ""false"", ""at-person(p1, cc)"": ""false"", ""at-person(p2, cc)"": ""false"", ""at-aircraft(a1, cc)"": ""false"", ""in(p2, a1)"": ""false"", ""route-fly(ca, ca)"": ""false"", ""route-fly(cc, ca)"": ""false"", ""route-fly(cb, cb)"": ""false"", ""route-fly(cc, cb)"": ""false"", ""route-fly(ca, cc)"": ""false"", ""route-fly(cb, cc)"": ""false"", ""route-fly(cc, cc)"": ""false"", ""route-zoom(ca, ca)"": ""false"", ""route-zoom(cb, ca)"": ""false"", ""route-zoom(cc, ca)"": ""false"", ""route-zoom(ca, cb)"": ""false"", ""route-zoom(cb, cb)"": ""false"", ""route-zoom(ca, cc)"": ""false"", ""route-zoom(cc, cc)"": ""false"", ""fuel-level(a1, l0)"": ""false"", ""fuel-level(a1, l1)"": ""false"", ""fuel-level(a1, l4)"": ""false"", ""next(l0, l0)"": ""false"", ""next(l1, l0)"": ""false"", ""next(l2, l0)"": ""false"", ""next(l3, l0)"": ""false"", ""next(l4, l0)"": ""false"", ""next(l1, l1)"": ""false"", ""next(l2, l1)"": ""false"", ""next(l3, l1)"": ""false"", ""next(l4, l1)"": ""false"", ""next(l0, l2)"": ""false"", ""next(l2, l2)"": ""false"", ""next(l3, l2)"": ""false"", ""next(l4, l2)"": ""false"", ""next(l0, l3)"": ""false"", ""next(l1, l3)"": ""false"", ""next(l3, l3)"": ""false"", ""next(l4, l3)"": ""false"", ""next(l0, l4)"": ""false"", ""next(l1, l4)"": ""false"", ""next(l2, l4)"": ""false"", ""next(l4, l4)"": ""false""}"
"{""in(p1, a1)"": ""false"", ""at-person(p1, ca)"": ""true"", ""next(l0, l1)"": ""true"", ""next(l1, l2)"": ""true"", ""next(l2, l3)"": ""true"", ""next(l3, l4)"": ""true"", ""route-fly(ca, cb)"": ""true"", ""route-fly(cb, ca)"": ""true"", ""route-zoom(cb, cc)"": ""true"", ""route-zoom(cc, cb)"": ""true"", ""at-aircraft(a1, ca)"": ""true"", ""fuel-level(a1, l3)"": ""true"", ""at-person(p2, cb)"": ""true"", ""at-person(p2, ca)"": ""false"", ""at-person(p1, cb)"": ""false"", ""at-person(p1, cc)"": ""false"", ""at-person(p2, cc)"": ""false"", ""at-aircraft(a1, cb)"": ""false"", ""at-aircraft(a1, cc)"": ""false"", ""in(p2, a1)"": ""false"", ""route-fly(ca, ca)"": ""false"", ""route-fly(cc, ca)"": ""false"", ""route-fly(cb, cb)"": ""false"", ""route-fly(cc, cb)"": ""false"", ""route-fly(ca, cc)"": ""false"", ""route-fly(cb, cc)"": ""false"", ""route-fly(cc, cc)"": ""false"", ""route-zoom(ca, ca)"": ""false"", ""route-zoom(cb, ca)"": ""false"", ""route-zoom(cc, ca)"": ""false"", ""route-zoom(ca, cb)"": ""false"", ""route-zoom(cb, cb)"": ""false"", ""route-zoom(ca, cc)"": ""false"", ""route-zoom(cc, cc)"": ""false"", ""fuel-level(a1, l0)"": ""false"", ""fuel-level(a1, l1)"": ""false"", ""fuel-level(a1, l2)"": ""false"", ""fuel-level(a1, l4)"": ""false"", ""next(l0, l0)"": ""false"", ""next(l1, l0)"": ""false"", ""next(l2, l0)"": ""false"", ""next(l3, l0)"": ""false"", ""next(l4, l0)"": ""false"", ""next(l1, l1)"": ""false"", ""next(l2, l1)"": ""false"", ""next(l3, l1)"": ""false"", ""next(l4, l1)"": ""false"", ""next(l0, l2)"": ""false"", ""next(l2, l2)"": ""false"", ""next(l3, l2)"": ""false"", ""next(l4, l2)"": ""false"", ""next(l0, l3)"": ""false"", ""next(l1, l3)"": ""false"", ""next(l3, l3)"": ""false"", ""next(l4, l3)"": ""false"", ""next(l0, l4)"": ""false"", ""next(l1, l4)"": ""false"", ""next(l2, l4)"": ""false"", ""next(l4, l4)"": ""false""}";zoom;"[""a1"", ""cc"", ""ca"", ""l3"", ""l4"", ""l2""]";False;None
"{""in(p1, a1)"": ""false"", ""at-person(p1, ca)"": ""true"", ""next(l0, l1)"": ""true"", ""next(l1, l2)"": ""true"", ""next(l2, l3)"": ""true"", ""next(l3, l4)"": ""true"", ""route-fly(ca, cb)"": ""true"", ""route-fly(cb, ca)"": ""true"", ""route-zoom(cb, cc)"": ""true"", ""route-zoom(cc, cb)"": ""true"", ""at-aircraft(a1, ca)"": ""true"", ""fuel-level(a1, l3)"": ""true"", ""at-person(p2, cb)"": ""true"", ""at-person(p2, ca)"": ""false"", ""at-person(p1, cb)"": ""false"", ""at-person(p1, cc)"": ""false"", ""at-person(p2, cc)"": ""false"", ""at-aircraft(a1, cb)"": ""false"", ""at-aircraft(a1, cc)"": ""false"", ""in(p2, a1)"": ""false"", ""route-fly(ca, ca)"": ""false"", ""route-fly(cc, ca)"": ""false"", ""route-fly(cb, cb)"": ""false"", ""route-fly(cc, cb)"": ""false"", ""route-fly(ca, cc)"": ""false"", ""route-fly(cb, cc)"": ""false"", ""route-fly(cc, cc)"": ""false"", ""route-zoom(ca, ca)"": ""false"", ""route-zoom(cb, ca)"": ""false"", ""route-zoom(cc, ca)"": ""false"", ""route-zoom(ca, cb)"": ""false"", ""route-zoom(cb, cb)"": ""false"", ""route-zoom(ca, cc)"": ""false"", ""route-zoom(cc, cc)"": ""false"", ""fuel-level(a1, l0)"": ""false"", ""fuel-level(a1, l1)"": ""false"", ""fuel-level(a1, l2)"": ""false"", ""fuel-level(a1, l4)"": ""false"", ""next(l0, l0)"": ""false"", ""next(l1, l0)"": ""false"", ""next(l2, l0)"": ""false"", ""next(l3, l0)"": ""false"", ""next(l4, l0)"": ""false"", ""next(l1, l1)"": ""false"", ""next(l2, l1)"": ""false"", ""next(l3, l1)"": ""false"", ""next(l4, l1)"": ""false"", ""next(l0, l2)"": ""false"", ""next(l2, l2)"": ""false"", ""next(l3, l2)"": ""false"", ""next(l4, l2)"": ""false"", ""next(l0, l3)"": ""false"", ""next(l1, l3)"": ""false"", ""next(l3, l3)"": ""false"", ""next(l4, l3)"": ""false"", ""next(l0, l4)"": ""false"", ""next(l1, l4)"": ""false"", ""next(l2, l4)"": ""false"", ""next(l4, l4)"": ""false""}";zoom;"[""a1"", ""cc"", ""cb"", ""l0"", ""l1"", ""l3""]";False;None
"{""at-aircraft(a1, ca)"": ""false"", ""at-aircraft(a1, cb)"": ""true"", ""fuel-level(a1, l3)"": ""false"", ""fuel-level(a1, l2)"": ""true"", ""in(p1, a1)"": ""false"", ""at-person(p1, ca)"": ""true"", ""next(l0, l1)"": ""true"", ""next(l1, l2)"": ""true"", ""next(l2, l3)"": ""true"", ""next(l3, l4)"": ""true"", ""route-fly(ca, cb)"": ""true"", ""route-fly(cb, ca)"": ""true"", ""route-zoom(cb, cc)"": ""true"", ""route-zoom(cc, cb)"": ""true"", ""at-person(p2, cb)"": ""true"", ""at-person(p2, ca)"": ""false"", ""at-person(p1, cb)"": ""false"", ""at-person(p1, cc)"": ""false"", ""at-person(p2, cc)"": ""false"", ""at-aircraft(a1, cc)"": ""false"", ""in(p2, a1)"": ""false"", ""route-fly(ca, ca)"": ""false"", ""route-fly(cc, ca)"": ""false"", ""route-fly(cb, cb)"": ""false"", ""route-fly(cc, cb)"": ""false"", ""route-fly(ca, cc)"": ""false"", ""route-fly(cb, cc)"": ""false"", ""route-fly(cc, cc)"": ""false"", ""route-zoom(ca, ca)"": ""false"", ""route-zoom(cb, ca)"": ""false"", ""route-zoom(cc, ca)"": ""false"", ""route-zoom(ca, cb)"": ""false"", ""route-zoom(cb, cb)"": ""false"", ""route-zoom(ca, cc)"": ""false"", ""route-zoom(cc, cc)"": ""false"", ""fuel-level(a1, l0)"": ""false"", ""fuel-level(a1, l1)"": ""false"", ""fuel-level(a1, l4)"": ""false"", ""next(l0, l0)"": ""false"", ""next(l1, l0)"": ""false"", ""next(l2, l0)"": ""false"", ""next(l3, l0)"": ""false"", ""next(l4, l0)"": ""false"", ""next(l1, l1)"": ""false"", ""next(l2, l1)"": ""false"", ""next(l3, l1)"": ""false"", ""next(l4, l1)"": ""false"", ""next(l0, l2)"": ""false"", ""next(l2, l2)"": ""false"", ""next(l3, l2)"": ""false"", ""next(l4, l2)"": ""false"", ""next(l0, l3)"": ""false"", ""next(l1, l3)"": ""false"", ""next(l3, l3)"": ""false"", ""next(l4, l3)"": ""false"", ""next(l0, l4)"": ""false"", ""next(l1, l4)"": ""false"", ""next(l2, l4)"": ""false"", ""next(l4, l4)"": ""false""}";board;"[""p2"", ""a1"", ""cb""]";True;"{""at-person(p2, cb)"": ""false"", ""in(p2, a1)"": ""true"", ""at-aircraft(a1, ca)"": ""false"", ""at-aircraft(a1, cb)"": ""true"", ""fuel-level(a1, l3)"": ""false"", ""fuel-level(a1, l2)"": ""true"", ""in(p1, a1)"": ""false"", ""at-person(p1, ca)"": ""true"", ""next(l0, l1)"": ""true"", ""next(l1, l2)"": ""true"", ""next(l2, l3)"": ""true"", ""next(l3, l4)"": ""true"", ""route-fly(ca, cb)"": ""true"", ""route-fly(cb, ca)"": ""true"", ""route-zoom(cb, cc)"": ""true"", ""route-zoom(cc, cb)"": ""true"", ""at-person(p2, ca)"": ""false"", ""at-person(p1, cb)"": ""false"", ""at-person(p1, cc)"": ""false"", ""at-person(p2, cc)"": ""false"", ""at-aircraft(a1, cc)"": ""false"", ""route-fly(ca, ca)"": ""false"", ""route-fly(cc, ca)"": ""false"", ""route-fly(cb, cb)"": ""false"", ""route-fly(cc, cb)"": ""false"", ""route-fly(ca, cc)"": ""false"", ""route-fly(cb, cc)"": ""false"", ""route-fly(cc, cc)"": ""false"", ""route-zoom(ca, ca)"": ""false"", ""route-zoom(cb, ca)"": ""false"", ""route-zoom(cc, ca)"": ""false"", ""route-zoom(ca, cb)"": ""false"", ""route-zoom(cb, cb)"": ""false"", ""route-zoom(ca, cc)"": ""false"", ""route-zoom(cc, cc)"": ""false"", ""fuel-level(a1, l0)"": ""false"", ""fuel-level(a1, l1)"": ""false"", ""fuel-level(a1, l4)"": ""false"", ""next(l0, l0)"": ""false"", ""next(l1, l0)"": ""false"", ""next(l2, l0)"": ""false"", ""next(l3, l0)"": ""false"", ""next(l4, l0)"": ""false"", ""next(l1, l1)"": ""false"", ""next(l2, l1)"": ""false"", ""next(l3, l1)"": ""false"", ""next(l4, l1)"": ""false"", ""next(l0, l2)"": ""false"", ""next(l2, l2)"": ""false"", ""next(l3, l2)"": ""false"", ""next(l4, l2)"": ""false"", ""next(l0, l3)"": ""false"", ""next(l1, l3)"": ""false"", ""next(l3, l3)"": ""false"", ""next(l4, l3)"": ""false"", ""next(l0, l4)"": ""false"", ""next(l1, l4)"": ""false"", ""next(l2, l4)"": ""false"", ""next(l4, l4)"": ""false""}"
"{""at-aircraft(a1, ca)"": ""false"", ""at-aircraft(a1, cb)"": ""true"", ""fuel-level(a1, l3)"": ""false"", ""fuel-level(a1, l2)"": ""true"", ""in(p1, a1)"": ""false"", ""at-person(p1, ca)"": ""true"", ""next(l0, l1)"": ""true"", ""next(l1, l2)"": ""true"", ""next(l2, l3)"": ""true"", ""next(l3, l4)"": ""true"", ""route-fly(ca, cb)"": ""true"", ""route-fly(cb, ca)"": ""true"", ""route-zoom(cb, cc)"": ""true"", ""route-zoom(cc, cb)"": ""true"", ""at-person(p2, cb)"": ""true"", ""at-person(p2, ca)"": ""false"", ""at-person(p1, cb)"": ""false"", ""at-person(p1, cc)"": ""false"", ""at-person(p2, cc)"": ""false"", ""at-aircraft(a1, cc)"": ""false"", ""in(p2, a1)"": ""false"", ""route-fly(ca, ca)"": ""false"", ""route-fly(cc, ca)"": ""false"", ""route-fly(cb, cb)"": ""false"", ""route-fly(cc, cb)"": ""false"", ""route-fly(ca, cc)"": ""false"", ""route-fly(cb, cc)"": ""false"", ""route-fly(cc, cc)"": ""false"", ""route-zoom(ca, ca)"": ""false"", ""route-zoom(cb, ca)"": ""false"", ""route-zoom(cc, ca)"": ""false"", ""route-zoom(ca, cb)"": ""false"", ""route-zoom(cb, cb)"": ""false"", ""route-zoom(ca, cc)"": ""false"", ""route-zoom(cc, cc)"": ""false"", ""fuel-level(a1, l0)"": ""false"", ""fuel-level(a1, l1)"": ""false"", ""fuel-level(a1, l4)"": ""false"", ""next(l0, l0)"": ""false"", ""next(l1, l0)"": ""false"", ""next(l2, l0)"": ""false"", ""next(l3, l0)"": ""false"", ""next(l4, l0)"": ""false"", ""next(l1, l1)"": ""false"", ""next(l2, l1)"": ""false"", ""next(l3, l1)"": ""false"", ""next(l4, l1)"": ""false"", ""next(l0, l2)"": ""false"", ""next(l2, l2)"": ""false"", ""next(l3, l2)"": ""false"", ""next(l4, l2)"": ""false"", ""next(l0, l3)"": ""false"", ""next(l1, l3)"": ""false"", ""next(l3, l3)"": ""false"", ""next(l4, l3)"": ""false"", ""next(l0, l4)"": ""false"", ""next(l1, l4)"": ""false"", ""next(l2, l4)"": ""false"", ""next(l4, l4)"": ""false""}";zoom;"[""a1"", ""ca"", ""cb"", ""l4"", ""l0"", ""l3""]";False;None
"{""at-aircraft(a1, ca)"": ""false"", ""at-aircraft(a1, cb)"": ""true"", ""fuel-level(a1, l3)"": ""false"", ""fuel-level(a1, l2)"": ""true"", ""in(p1, a1)"": ""false"", ""at-person(p1, ca)"": ""true"", ""next(l0, l1)"": ""true"", ""next(l1, l2)"": ""true"", ""next(l2, l3)"": ""true"", ""next(l3, l4)"": ""true"", ""route-fly(ca, cb)"": ""true"", ""route-fly(cb, ca)"": ""true"", ""route-zoom(cb, cc)"": ""true"", ""route-zoom(cc, cb)"": ""true"", ""at-person(p2, cb)"": ""true"", ""at-person(p2, ca)"": ""false"", ""at-person(p1, cb)"": ""false"", ""at-person(p1, cc)"": ""false"", ""at-person(p2, cc)"": ""false"", ""at-aircraft(a1, cc)"": ""false"", ""in(p2, a1)"": ""false"", ""route-fly(ca, ca)"": ""false"", ""route-fly(cc, ca)"": ""false"", ""route-fly(cb, cb)"": ""false"", ""route-fly(cc, cb)"": ""false"", ""route-fly(ca, cc)"": ""false"", ""route-fly(cb, cc)"": ""false"", ""route-fly(cc, cc)"": ""false"", ""route-zoom(ca, ca)"": ""false"", ""route-zoom(cb, ca)"": ""false"", ""route-zoom(cc, ca)"": ""false"", ""route-zoom(ca, cb)"": ""false"", ""route-zoom(cb, cb)"": ""false"", ""route-zoom(ca, cc)"": ""false"", ""route-zoom(cc, cc)"": ""false"", ""fuel-level(a1, l0)"": ""false"", ""fuel-level(a1, l1)"": ""false"", ""fuel-level(a1, l4)"": ""false"", ""next(l0, l0)"": ""false"", ""next(l1, l0)"": ""false"", ""next(l2, l0)"": ""false"", ""next(l3, l0)"": ""false"", ""next(l4, l0)"": ""false"", ""next(l1, l1)"": ""false"", ""next(l2, l1)"": ""false"", ""next(l3, l1)"": ""false"", ""next(l4, l1)"": ""false"", ""next(l0, l2)"": ""false"", ""next(l2, l2)"": ""false"", ""next(l3, l2)"": ""false"", ""next(l4, l2)"": ""false"", ""next(l0, l3)"": ""false"", ""next(l1, l3)"": ""false"", ""next(l3, l3)"": ""false"", ""next(l4, l3)"": ""false"", ""next(l0, l4)"": ""false"", ""next(l1, l4)"": ""false"", ""next(l2, l4)"": ""false"", ""next(l4, l4)"": ""false""}";fly;"[""a1"", ""cc"", ""ca"", ""l3"", ""l0""]";False;None
"{""at-person(p2, cb)"": ""false"", ""in(p2, a1)"": ""true"", ""at-aircraft(a1, ca)"": ""false"", ""at-aircraft(a1, cb)"": ""true"", ""fuel-level(a1, l3)"": ""false"", ""fuel-level(a1, l2)"": ""true"", ""in(p1, a1)"": ""false"", ""at-person(p1, ca)"": ""true"", ""next(l0, l1)"": ""true"", ""next(l1, l2)"": ""true"", ""next(l2, l3)"": ""true"", ""next(l3, l4)"": ""true"", ""route-fly(ca, cb)"": ""true"", ""route-fly(cb, ca)"": ""true"", ""route-zoom(cb, cc)"": ""true"", ""route-zoom(cc, cb)"": ""true"", ""at-person(p2, ca)"": ""false"", ""at-person(p1, cb)"": ""false"", ""at-person(p1, cc)"": ""false"", ""at-person(p2, cc)"": ""false"", ""at-aircraft(a1, cc)"": ""false"", ""route-fly(ca, ca)"": ""false"", ""route-fly(cc, ca)"": ""false"", ""route-fly(cb, cb)"": ""false"", ""route-fly(cc, cb)"": ""false"", ""route-fly(ca, cc)"": ""false"", ""route-fly(cb, cc)"": ""false"", ""route-fly(cc, cc)"": ""false"", ""route-zoom(ca, ca)"": ""false"", ""route-zoom(cb, ca)"": ""false"", ""route-zoom(cc, ca)"": ""false"", ""route-zoom(ca, cb)"": ""false"", ""route-zoom(cb, cb)"": ""false"", ""route-zoom(ca, cc)"": ""false"", ""route-zoom(cc, cc)"": ""false"", ""fuel-level(a1, l0)"": ""false"", ""fuel-level(a1, l1)"": ""false"", ""fuel-level(a1, l4)"": ""false"", ""next(l0, l0)"": ""false"", ""next(l1, l0)"": ""false"", ""next(l2, l0)"": ""false"", ""next(l3, l0)"": ""false"", ""next(l4, l0)"": ""false"", ""next(l1, l1)"": ""false"", ""next(l2, l1)"": ""false"", ""next(l3, l1)"": ""false"", ""next(l4, l1)"": ""false"", ""next(l0, l2)"": ""false"", ""next(l2, l2)"": ""false"", ""next(l3, l2)"": ""false"", ""next(l4, l2)"": ""false"", ""next(l0, l3)"": ""false"", ""next(l1, l3)"": ""false"", ""next(l3, l3)"": ""false"", ""next(l4, l3)"": ""false"", ""next(l0, l4)"": ""false"", ""next(l1, l4)"": ""false"", ""next(l2, l4)"": ""false"", ""next(l4, l4)"": ""false""}";refuel;"[""a1"", ""cb"", ""l2"", ""l3""]";True;"{""fuel-level(a1, l3)"": ""true"", ""fuel-level(a1, l2)"": ""false"", ""at-person(p2, cb)"": ""false"", ""in(p2, a1)"": ""true"", ""at-aircraft(a1, ca)"": ""false"", ""at-aircraft(a1, cb)"": ""true"", ""in(p1, a1)"": ""false"", ""at-person(p1, ca)"": ""true"", ""next(l0, l1)"": ""true"", ""next(l1, l2)"": ""true"", ""next(l2, l3)"": ""true"", ""next(l3, l4)"": ""true"", ""route-fly(ca, cb)"": ""true"", ""route-fly(cb, ca)"": ""true"", ""route-zoom(cb, cc)"": ""true"", ""route-zoom(cc, cb)"": ""true"", ""at-person(p2, ca)"": ""false"", ""at-person(p1, cb)"": ""false"", ""at-person(p1, cc)"": ""false"", ""at-person(p2, cc)"": ""false"", ""at-aircraft(a1, cc)"": ""false"", ""route-fly(ca, ca)"": ""false"", ""route-fly(cc, ca)"": ""false"", ""route-fly(cb, cb)"": ""false"", ""route-fly(cc, cb)"": ""false"", ""route-fly(ca, cc)"": ""false"", ""route-fly(cb, cc)"": ""false"", ""route-fly(cc, cc)"": ""false"", ""route-zoom(ca, ca)"": ""false"", ""route-zoom(cb, ca)"": ""false"", ""route-zoom(cc, ca)"": ""false"", ""route-zoom(ca, cb)"": ""false"", ""route-zoom(cb, cb)"": ""false"", ""route-zoom(ca, cc)"": ""false"", ""route-zoom(cc, cc)"": ""false"", ""fuel-level(a1, l0)"": ""false"", ""fuel-level(a1, l1)"": ""false"", ""fuel-level(a1, l4)"": ""false"", ""next(l0, l0)"": ""false"", ""next(l1, l0)"": ""false"", ""next(l2, l0)"": ""false"", ""next(l3, l0)"": ""false"", ""next(l4, l0)"": ""false"", ""next(l1, l1)"": ""false"", ""next(l2, l1)"": ""false"", ""next(l3, l1)"": ""false"", ""next(l4, l1)"": ""false"", ""next(l0, l2)"": ""false"", ""next(l2, l2)"": ""false"", ""next(l3, l2)"": ""false"", ""next(l4, l2)"": ""false"", ""next(l0, l3)"": ""false"", ""next(l1, l3)"": ""false"", ""next(l3, l3)"": ""false"", ""next(l4, l3)"": ""false"", ""next(l0, l4)"": ""false"", ""next(l1, l4)"": ""false"", ""next(l2, l4)"": ""false"", ""next(l4, l4)"": ""false""}"
"{""at-person(p2, cb)"": ""false"", ""in(p2, a1)"": ""true"", ""at-aircraft(a1, ca)"": ""false"", ""at-aircraft(a1, cb)"": ""true"", ""fuel-level(a1, l3)"": ""false"", ""fuel-level(a1, l2)"": ""true"", ""in(p1, a1)"": ""false"", ""at-person(p1, ca)"": ""true"", ""next(l0, l1)"": ""true"", ""next(l1, l2)"": ""true"", ""next(l2, l3)"": ""true"", ""next(l3, l4)"": ""true"", ""route-fly(ca, cb)"": ""true"", ""route-fly(cb, ca)"": ""true"", ""route-zoom(cb, cc)"": ""true"", ""route-zoom(cc, cb)"": ""true"", ""at-person(p2, ca)"": ""false"", ""at-person(p1, cb)"": ""false"", ""at-person(p1, cc)"": ""false"", ""at-person(p2, cc)"": ""false"", ""at-aircraft(a1, cc)"": ""false"", ""route-fly(ca, ca)"": ""false"", ""route-fly(cc, ca)"": ""false"", ""route-fly(cb, cb)"": ""false"", ""route-fly(cc, cb)"": ""false"", ""route-fly(ca, cc)"": ""false"", ""route-fly(cb, cc)"": ""false"", ""route-fly(cc, cc)"": ""false"", ""route-zoom(ca, ca)"": ""false"", ""route-zoom(cb, ca)"": ""false"", ""route-zoom(cc, ca)"": ""false"", ""route-zoom(ca, cb)"": ""false"", ""route-zoom(cb, cb)"": ""false"", ""route-zoom(ca, cc)"": ""false"", ""route-zoom(cc, cc)"": ""false"", ""fuel-level(a1, l0)"": ""false"", ""fuel-level(a1, l1)"": ""false"", ""fuel-level(a1, l4)"": ""false"", ""next(l0, l0)"": ""false"", ""next(l1, l0)"": ""false"", ""next(l2, l0)"": ""false"", ""next(l3, l0)"": ""false"", ""next(l4, l0)"": ""false"", ""next(l1, l1)"": ""false"", ""next(l2, l1)"": ""false"", ""next(l3, l1)"": ""false"", ""next(l4, l1)"": ""false"", ""next(l0, l2)"": ""false"", ""next(l2, l2)"": ""false"", ""next(l3, l2)"": ""false"", ""next(l4, l2)"": ""false"", ""next(l0, l3)"": ""false"", ""next(l1, l3)"": ""false"", ""next(l3, l3)"": ""false"", ""next(l4, l3)"": ""false"", ""next(l0, l4)"": ""false"", ""next(l1, l4)"": ""false"", ""next(l2, l4)"": ""false"", ""next(l4, l4)"": ""false""}";zoom;"[""a1"", ""ca"", ""cb"", ""l3"", ""l1"", ""l0""]";False;None
"{""at-person(p2, cb)"": ""false"", ""in(p2, a1)"": ""true"", ""at-aircraft(a1, ca)"": ""false"", ""at-aircraft(a1, cb)"": ""true"", ""fuel-level(a1, l3)"": ""false"", ""fuel-level(a1, l2)"": ""true"", ""in(p1, a1)"": ""false"", ""at-person(p1, ca)"": ""true"", ""next(l0, l1)"": ""true"", ""next(l1, l2)"": ""true"", ""next(l2, l3)"": ""true"", ""next(l3, l4)"": ""true"", ""route-fly(ca, cb)"": ""true"", ""route-fly(cb, ca)"": ""true"", ""route-zoom(cb, cc)"": ""true"", ""route-zoom(cc, cb)"": ""true"", ""at-person(p2, ca)"": ""false"", ""at-person(p1, cb)"": ""false"", ""at-person(p1, cc)"": ""false"", ""at-person(p2, cc)"": ""false"", ""at-aircraft(a1, cc)"": ""false"", ""route-fly(ca, ca)"": ""false"", ""route-fly(cc, ca)"": ""false"", ""route-fly(cb, cb)"": ""false"", ""route-fly(cc, cb)"": ""false"", ""route-fly(ca, cc)"": ""false"", ""route-fly(cb, cc)"": ""false"", ""route-fly(cc, cc)"": ""false"", ""route-zoom(ca, ca)"": ""false"", ""route-zoom(cb, ca)"": ""false"", ""route-zoom(cc, ca)"": ""false"", ""route-zoom(ca, cb)"": ""false"", ""route-zoom(cb, cb)"": ""false"", ""route-zoom(ca, cc)"": ""false"", ""route-zoom(cc, cc)"": ""false"", ""fuel-level(a1, l0)"": ""false"", ""fuel-level(a1, l1)"": ""false"", ""fuel-level(a1, l4)"": ""false"", ""next(l0, l0)"": ""false"", ""next(l1, l0)"": ""false"", ""next(l2, l0)"": ""false"", ""next(l3, l0)"": ""false"", ""next(l4, l0)"": ""false"", ""next(l1, l1)"": ""false"", ""next(l2, l1)"": ""false"", ""next(l3, l1)"": ""false"", ""next(l4, l1)"": ""false"", ""next(l0, l2)"": ""false"", ""next(l2, l2)"": ""false"", ""next(l3, l2)"": ""false"", ""next(l4, l2)"": ""false"", ""next(l0, l3)"": ""false"", ""next(l1, l3)"": ""false"", ""next(l3, l3)"": ""false"", ""next(l4, l3)"": ""false"", ""next(l0, l4)"": ""false"", ""next(l1, l4)"": ""false"", ""next(l2, l4)"": ""false"", ""next(l4, l4)"": ""false""}";zoom;"[""a1"", ""ca"", ""cc"", ""l0"", ""l4"", ""l3""]";False;None
"{""fuel-level(a1, l3)"": ""true"", ""fuel-level(a1, l2)"": ""false"", ""at-person(p2, cb)"": ""false"", ""in(p2, a1)"": ""true"", ""at-aircraft(a1, ca)"": ""false"", ""at-aircraft(a1, cb)"": ""true"", ""in(p1, a1)"": ""false"", ""at-person(p1, ca)"": ""true"", ""next(l0, l1)"": ""true"", ""next(l1, l2)"": ""true"", ""next(l2, l3)"": ""true"", ""next(l3, l4)"": ""true"", ""route-fly(ca, cb)"": ""true"", ""route-fly(cb, ca)"": ""true"", ""route-zoom(cb, cc)"": ""true"", ""route-zoom(cc, cb)"": ""true"", ""at-person(p2, ca)"": ""false"", ""at-person(p1, cb)"": ""false"", ""at-person(p1, cc)"": ""false"", ""at-person(p2, cc)"": ""false"", ""at-aircraft(a1, cc)"": ""false"", ""route-fly(ca, ca)"": ""false"", ""route-fly(cc, ca)"": ""false"", ""route-fly(cb, cb)"": ""false"", ""route-fly(cc, cb)"": ""false"", ""route-fly(ca, cc)"": ""false"", ""route-fly(cb, cc)"": ""false"", ""route-fly(cc, cc)"": ""false"", ""route-zoom(ca, ca)"": ""false"", ""route-zoom(cb, ca)"": ""false"", ""route-zoom(cc, ca)"": ""false"", ""route-zoom(ca, cb)"": ""false"", ""route-zoom(cb, cb)"": ""false"", ""route-zoom(ca, cc)"": ""false"", ""route-zoom(cc, cc)"": ""false"", ""fuel-level(a1, l0)"": ""false"", ""fuel-level(a1, l1)"": ""false"", ""fuel-level(a1, l4)"": ""false"", ""next(l0, l0)"": ""false"", ""next(l1, l0)"": ""false"", ""next(l2, l0)"": ""false"", ""next(l3, l0)"": ""false"", ""next(l4, l0)"": ""false"", ""next(l1, l1)"": ""false"", ""next(l2, l1)"": ""false"", ""next(l3, l1)"": ""false"", ""next(l4, l1)"": ""false"", ""next(l0, l2)"": ""false"", ""next(l2, l2)"": ""false"", ""next(l3, l2)"": ""false"", ""next(l4, l2)"": ""false"", ""next(l0, l3)"": ""false"", ""next(l1, l3)"": ""false"", ""next(l3, l3)"": ""false"", ""next(l4, l3)"": ""false"", ""next(l0, l4)"": ""false"", ""next(l1, l4)"": ""false"", ""next(l2, l4)"": ""false"", ""next(l4, l4)"": ""false""}";zoom;"[""a1"", ""cb"", ""cc"", ""l3"", ""l2"", ""l1""]";True;"{""at-aircraft(a1, cb)"": ""false"", ""at-aircraft(a1, cc)"": ""true"", ""fuel-level(a1, l3)"": ""false"", ""fuel-level(a1, l1)"": ""true"", ""fuel-level(a1, l2)"": ""false"", ""at-person(p2, cb)"": ""false"", ""in(p2, a1)"": ""true"", ""at-aircraft(a1, ca)"": ""false"", ""in(p1, a1)"": ""false"", ""at-person(p1, ca)"": ""true"", ""next(l0, l1)"": ""true"", ""next(l1, l2)"": ""true"", ""next(l2, l3)"": ""true"", ""next(l3, l4)"": ""true"", ""route-fly(ca, cb)"": ""true"", ""route-fly(cb, ca)"": ""true"", ""route-zoom(cb, cc)"": ""true"", ""route-zoom(cc, cb)"": ""true"", ""at-person(p2, ca)"": ""false"", ""at-person(p1, cb)"": ""false"", ""at-person(p1, cc)"": ""false"", ""at-person(p2, cc)"": ""false"", ""route-fly(ca, ca)"": ""false"", ""route-fly(cc, ca)"": ""false"", ""route-fly(cb, cb)"": ""false"", ""route-fly(cc, cb)"": ""false"", ""route-fly(ca, cc)"": ""false"", ""route-fly(cb, cc)"": ""false"", ""route-fly(cc, cc)"": ""false"", ""route-zoom(ca, ca)"": ""false"", ""route-zoom(cb, ca)"": ""false"", ""route-zoom(cc, ca)"": ""false"", ""route-zoom(ca, cb)"": ""false"", ""route-zoom(cb, cb)"": ""false"", ""route-zoom(ca, cc)"": ""false"", ""route-zoom(cc, cc)"": ""false"", ""fuel-level(a1, l0)"": ""false"", ""fuel-level(a1, l4)"": ""false"", ""next(l0, l0)"": ""false"", ""next(l1, l0)"": ""false"", ""next(l2, l0)"": ""false"", ""next(l3, l0)"": ""false"", ""next(l4, l0)"": ""false"", ""next(l1, l1)"": ""false"", ""next(l2, l1)"": ""false"", ""next(l3, l1)"": ""false"", ""next(l4, l1)"": ""false"", ""next(l0, l2)"": ""false"", ""next(l2, l2)"": ""false"", ""next(l3, l2)"": ""false"", ""next(l4, l2)"": ""false"", ""next(l0, l3)"": ""false"", ""next(l1, l3)"": ""false"", ""next(l3, l3)"": ""false"", ""next(l4, l3)"": ""false"", ""next(l0, l4)"": ""false"", ""next(l1, l4)"": ""false"", ""next(l2, l4)"": ""false"", ""next(l4, l4)"": ""false""}"
"{""fuel-level(a1, l3)"": ""true"", ""fuel-level(a1, l2)"": ""false"", ""at-person(p2, cb)"": ""false"", ""in(p2, a1)"": ""true"", ""at-aircraft(a1, ca)"": ""false"", ""at-aircraft(a1, cb)"": ""true"", ""in(p1, a1)"": ""false"", ""at-person(p1, ca)"": ""true"", ""next(l0, l1)"": ""true"", ""next(l1, l2)"": ""true"", ""next(l2, l3)"": ""true"", ""next(l3, l4)"": ""true"", ""route-fly(ca, cb)"": ""true"", ""route-fly(cb, ca)"": ""true"", ""route-zoom(cb, cc)"": ""true"", ""route-zoom(cc, cb)"": ""true"", ""at-person(p2, ca)"": ""false"", ""at-person(p1, cb)"": ""false"", ""at-person(p1, cc)"": ""false"", ""at-person(p2, cc)"": ""false"", ""at-aircraft(a1, cc)"": ""false"", ""route-fly(ca, ca)"": ""false"", ""route-fly(cc, ca)"": ""false"", ""route-fly(cb, cb)"": ""false"", ""route-fly(cc, cb)"": ""false"", ""route-fly(ca, cc)"": ""false"", ""route-fly(cb, cc)"": ""false"", ""route-fly(cc, cc)"": ""false"", ""route-zoom(ca, ca)"": ""false"", ""route-zoom(cb, ca)"": ""false"", ""route-zoom(cc, ca)"": ""false"", ""route-zoom(ca, cb)"": ""false"", ""route-zoom(cb, cb)"": ""false"", ""route-zoom(ca, cc)"": ""false"", ""route-zoom(cc, cc)"": ""false"", ""fuel-level(a1, l0)"": ""false"", ""fuel-level(a1, l1)"": ""false"", ""fuel-level(a1, l4)"": ""false"", ""next(l0, l0)"": ""false"", ""next(l1, l0)"": ""false"", ""next(l2, l0)"": ""false"", ""next(l3, l0)"": ""false"", ""next(l4, l0)"": ""false"", ""next(l1, l1)"": ""false"", ""next(l2, l1)"": ""false"", ""next(l3, l1)"": ""false"", ""next(l4, l1)"": ""false"", ""next(l0, l2)"": ""false"", ""next(l2, l2)"": ""false"", ""next(l3, l2)"": ""false"", ""next(l4, l2)"": ""false"", ""next(l0, l3)"": ""false"", ""next(l1, l3)"": ""false"", ""next(l3, l3)"": ""false"", ""next(l4, l3)"": ""false"", ""next(l0, l4)"": ""false"", ""next(l1, l4)"": ""false"", ""next(l2, l4)"": ""false"", ""next(l4, l4)"": ""false""}";debark;"[""p1"", ""a1"", ""cc""]";False;None
"{""fuel-level(a1, l3)"": ""true"", ""fuel-level(a1, l2)"": ""false"", ""at-person(p2, cb)"": ""false"", ""in(p2, a1)"": ""true"", ""at-aircraft(a1, ca)"": ""false"", ""at-aircraft(a1, cb)"": ""true"", ""in(p1, a1)"": ""false"", ""at-person(p1, ca)"": ""true"", ""next(l0, l1)"": ""true"", ""next(l1, l2)"": ""true"", ""next(l2, l3)"": ""true"", ""next(l3, l4)"": ""true"", ""route-fly(ca, cb)"": ""true"", ""route-fly(cb, ca)"": ""true"", ""route-zoom(cb, cc)"": ""true"", ""route-zoom(cc, cb)"": ""true"", ""at-person(p2, ca)"": ""false"", ""at-person(p1, cb)"": ""false"", ""at-person(p1, cc)"": ""false"", ""at-person(p2, cc)"": ""false"", ""at-aircraft(a1, cc)"": ""false"", ""route-fly(ca, ca)"": ""false"", ""route-fly(cc, ca)"": ""false"", ""route-fly(cb, cb)"": ""false"", ""route-fly(cc, cb)"": ""false"", ""route-fly(ca, cc)"": ""false"", ""route-fly(cb, cc)"": ""false"", ""route-fly(cc, cc)"": ""false"", ""route-zoom(ca, ca)"": ""false"", ""route-zoom(cb, ca)"": ""false"", ""route-zoom(cc, ca)"": ""false"", ""route-zoom(ca, cb)"": ""false"", ""route-zoom(cb, cb)"": ""false"", ""route-zoom(ca, cc)"": ""false"", ""route-zoom(cc, cc)"": ""false"", ""fuel-level(a1, l0)"": ""false"", ""fuel-level(a1, l1)"": ""false"", ""fuel-level(a1, l4)"": ""false"", ""next(l0, l0)"": ""false"", ""next(l1, l0)"": ""false"", ""next(l2, l0)"": ""false"", ""next(l3, l0)"": ""false"", ""next(l4, l0)"": ""false"", ""next(l1, l1)"": ""false"", ""next(l2, l1)"": ""false"", ""next(l3, l1)"": ""false"", ""next(l4, l1)"": ""false"", ""next(l0, l2)"": ""false"", ""next(l2, l2)"": ""false"", ""next(l3, l2)"": ""false"", ""next(l4, l2)"": ""false"", ""next(l0, l3)"": ""false"", ""next(l1, l3)"": ""false"", ""next(l3, l3)"": ""false"", ""next(l4, l3)"": ""false"", ""next(l0, l4)"": ""false"", ""next(l1, l4)"": ""false"", ""next(l2, l4)"": ""false"", ""next(l4, l4)"": ""false""}";fly;"[""a1"", ""cc"", ""ca"", ""l0"", ""l4""]";False;None
"{""at-aircraft(a1, cb)"": ""false"", ""at-aircraft(a1, cc)"": ""true"", ""fuel-level(a1, l3)"": ""false"", ""fuel-level(a1, l1)"": ""true"", ""fuel-level(a1, l2)"": ""false"", ""at-person(p2, cb)"": ""false"", ""in(p2, a1)"": ""true"", ""at-aircraft(a1, ca)"": ""false"", ""in(p1, a1)"": ""false"", ""at-person(p1, ca)"": ""true"", ""next(l0, l1)"": ""true"", ""next(l1, l2)"": ""true"", ""next(l2, l3)"": ""true"", ""next(l3, l4)"": ""true"", ""route-fly(ca, cb)"": ""true"", ""route-fly(cb, ca)"": ""true"", ""route-zoom(cb, cc)"": ""true"", ""route-zoom(cc, cb)"": ""true"", ""at-person(p2, ca)"": ""false"", ""at-person(p1, cb)"": ""false"", ""at-person(p1, cc)"": ""false"", ""at-person(p2, cc)"": ""false"", ""route-fly(ca, ca)"": ""false"", ""route-fly(cc, ca)"": ""false"", ""route-fly(cb, cb)"": ""false"", ""route-fly(cc, cb)"": ""false"", ""route-fly(ca, cc)"": ""false"", ""route-fly(cb, cc)"": ""false"", ""route-fly(cc, cc)"": ""false"", ""route-zoom(ca, ca)"": ""false"", ""route-zoom(cb, ca)"": ""false"", ""route-zoom(cc, ca)"": ""false"", ""route-zoom(ca, cb)"": ""false"", ""route-zoom(cb, cb)"": ""false"", ""route-zoom(ca, cc)"": ""false"", ""route-zoom(cc, cc)"": ""false"", ""fuel-level(a1, l0)"": ""false"", ""fuel-level(a1, l4)"": ""false"", ""next(l0, l0)"": ""false"", ""next(l1, l0)"": ""false"", ""next(l2, l0)"": ""false"", ""next(l3, l0)"": ""false"", ""next(l4, l0)"": ""false"", ""next(l1, l1)"": ""false"", ""next(l2, l1)"": ""false"", ""next(l3, l1)"": ""false"", ""next(l4, l1)"": ""false"", ""next(l0, l2)"": ""false"", ""next(l2, l2)"": ""false"", ""next(l3, l2)"": ""false"", ""next(l4, l2)"": ""false"", ""next(l0, l3)"": ""false"", ""next(l1, l3)"": ""false"", ""next(l3, l3)"": ""false"", ""next(l4, l3)"": ""false"", ""next(l0, l4)"": ""false"", ""next(l1, l4)"": ""false"", ""next(l2, l4)"": ""false"", ""next(l4, l4)"": ""false""}";debark;"[""p2"", ""a1"", ""cc""]";True;"{""in(p2, a1)"": ""false"", ""at-person(p2, cc)"": ""true"", ""at-aircraft(a1, cb)"": ""false"", ""at-aircraft(a1, cc)"": ""true"", ""fuel-level(a1, l3)"": ""false"", ""fuel-level(a1, l1)"": ""true"", ""fuel-level(a1, l2)"": ""false"", ""at-person(p2, cb)"": ""false"", ""at-aircraft(a1, ca)"": ""false"", ""in(p1, a1)"": ""false"", ""at-person(p1, ca)"": ""true"", ""next(l0, l1)"": ""true"", ""next(l1, l2)"": ""true"", ""next(l2, l3)"": ""true"", ""next(l3, l4)"": ""true"", ""route-fly(ca, cb)"": ""true"", ""route-fly(cb, ca)"": ""true"", ""route-zoom(cb, cc)"": ""true"", ""route-zoom(cc, cb)"": ""true"", ""at-person(p2, ca)"": ""false"", ""at-person(p1, cb)"": ""false"", ""at-person(p1, cc)"": ""false"", ""route-fly(ca, ca)"": ""false"", ""route-fly(cc, ca)"": ""false"", ""route-fly(cb, cb)"": ""false"", ""route-fly(cc, cb)"": ""false"", ""route-fly(ca, cc)"": ""false"", ""route-fly(cb, cc)"": ""false"", ""route-fly(cc, cc)"": ""false"", ""route-zoom(ca, ca)"": ""false"", ""route-zoom(cb, ca)"": ""false"", ""route-zoom(cc, ca)"": ""false"", ""route-zoom(ca, cb)"": ""false"", ""route-zoom(cb, cb)"": ""false"", ""route-zoom(ca, cc)"": ""false"", ""route-zoom(cc, cc)"": ""false"", ""fuel-level(a1, l0)"": ""false"", ""fuel-level(a1, l4)"": ""false"", ""next(l0, l0)"": ""false"", ""next(l1, l0)"": ""false"", ""next(l2, l0)"": ""false"", ""next(l3, l0)"": ""false"", ""next(l4, l0)"": ""false"", ""next(l1, l1)"": ""false"", ""next(l2, l1)"": ""false"", ""next(l3, l1)"": ""false"", ""next(l4, l1)"": ""false"", ""next(l0, l2)"": ""false"", ""next(l2, l2)"": ""false"", ""next(l3, l2)"": ""false"", ""next(l4, l2)"": ""false"", ""next(l0, l3)"": ""false"", ""next(l1, l3)"": ""false"", ""next(l3, l3)"": ""false"", ""next(l4, l3)"": ""false"", ""next(l0, l4)"": ""false"", ""next(l1, l4)"": ""false"", ""next(l2, l4)"": ""false"", ""next(l4, l4)"": ""false""}"
"{""at-aircraft(a1, cb)"": ""false"", ""at-aircraft(a1, cc)"": ""true"", ""fuel-level(a1, l3)"": ""false"", ""fuel-level(a1, l1)"": ""true"", ""fuel-level(a1, l2)"": ""false"", ""at-person(p2, cb)"": ""false"", ""in(p2, a1)"": ""true"", ""at-aircraft(a1, ca)"": ""false"", ""in(p1, a1)"": ""false"", ""at-person(p1, ca)"": ""true"", ""next(l0, l1)"": ""true"", ""next(l1, l2)"": ""true"", ""next(l2, l3)"": ""true"", ""next(l3, l4)"": ""true"", ""route-fly(ca, cb)"": ""true"", ""route-fly(cb, ca)"": ""true"", ""route-zoom(cb, cc)"": ""true"", ""route-zoom(cc, cb)"": ""true"", ""at-person(p2, ca)"": ""false"", ""at-person(p1, cb)"": ""false"", ""at-person(p1, cc)"": ""false"", ""at-person(p2, cc)"": ""false"", ""route-fly(ca, ca)"": ""false"", ""route-fly(cc, ca)"": ""false"", ""route-fly(cb, cb)"": ""false"", ""route-fly(cc, cb)"": ""false"", ""route-fly(ca, cc)"": ""false"", ""route-fly(cb, cc)"": ""false"", ""route-fly(cc, cc)"": ""false"", ""route-zoom(ca, ca)"": ""false"", ""route-zoom(cb, ca)"": ""false"", ""route-zoom(cc, ca)"": ""false"", ""route-zoom(ca, cb)"": ""false"", ""route-zoom(cb, cb)"": ""false"", ""route-zoom(ca, cc)"": ""false"", ""route-zoom(cc, cc)"": ""false"", ""fuel-level(a1, l0)"": ""false"", ""fuel-level(a1, l4)"": ""false"", ""next(l0, l0)"": ""false"", ""next(l1, l0)"": ""false"", ""next(l2, l0)"": ""false"", ""next(l3, l0)"": ""false"", ""next(l4, l0)"": ""false"", ""next(l1, l1)"": ""false"", ""next(l2, l1)"": ""false"", ""next(l3, l1)"": ""false"", ""next(l4, l1)"": ""false"", ""next(l0, l2)"": ""false"", ""next(l2, l2)"": ""false"", ""next(l3, l2)"": ""false"", ""next(l4, l2)"": ""false"", ""next(l0, l3)"": ""false"", ""next(l1, l3)"": ""false"", ""next(l3, l3)"": ""false"", ""next(l4, l3)"": ""false"", ""next(l0, l4)"": ""false"", ""next(l1, l4)"": ""false"", ""next(l2, l4)"": ""false"", ""next(l4, l4)"": ""false""}";zoom;"[""a1"", ""cb"", ""cc"", ""l1"", ""l4"", ""l3""]";False;None
"{""at-aircraft(a1, cb)"": ""false"", ""at-aircraft(a1, cc)"": ""true"", ""fuel-level(a1, l3)"": ""false"", ""fuel-level(a1, l1)"": ""true"", ""fuel-level(a1, l2)"": ""false"", ""at-person(p2, cb)"": ""false"", ""in(p2, a1)"": ""true"", ""at-aircraft(a1, ca)"": ""false"", ""in(p1, a1)"": ""false"", ""at-person(p1, ca)"": ""true"", ""next(l0, l1)"": ""true"", ""next(l1, l2)"": ""true"", ""next(l2, l3)"": ""true"", ""next(l3, l4)"": ""true"", ""route-fly(ca, cb)"": ""true"", ""route-fly(cb, ca)"": ""true"", ""route-zoom(cb, cc)"": ""true"", ""route-zoom(cc, cb)"": ""true"", ""at-person(p2, ca)"": ""false"", ""at-person(p1, cb)"": ""false"", ""at-person(p1, cc)"": ""false"", ""at-person(p2, cc)"": ""false"", ""route-fly(ca, ca)"": ""false"", ""route-fly(cc, ca)"": ""false"", ""route-fly(cb, cb)"": ""false"", ""route-fly(cc, cb)"": ""false"", ""route-fly(ca, cc)"": ""false"", ""route-fly(cb, cc)"": ""false"", ""route-fly(cc, cc)"": ""false"", ""route-zoom(ca, ca)"": ""false"", ""route-zoom(cb, ca)"": ""false"", ""route-zoom(cc, ca)"": ""false"", ""route-zoom(ca, cb)"": ""false"", ""route-zoom(cb, cb)"": ""false"", ""route-zoom(ca, cc)"": ""false"", ""route-zoom(cc, cc)"": ""false"", ""fuel-level(a1, l0)"": ""false"", ""fuel-level(a1, l4)"": ""false"", ""next(l0, l0)"": ""false"", ""next(l1, l0)"": ""false"", ""next(l2, l0)"": ""false"", ""next(l3, l0)"": ""false"", ""next(l4, l0)"": ""false"", ""next(l1, l1)"": ""false"", ""next(l2, l1)"": ""false"", ""next(l3, l1)"": ""false"", ""next(l4, l1)"": ""false"", ""next(l0, l2)"": ""false"", ""next(l2, l2)"": ""false"", ""next(l3, l2)"": ""false"", ""next(l4, l2)"": ""false"", ""next(l0, l3)"": ""false"", ""next(l1, l3)"": ""false"", ""next(l3, l3)"": ""false"", ""next(l4, l3)"": ""false"", ""next(l0, l4)"": ""false"", ""next(l1, l4)"": ""false"", ""next(l2, l4)"": ""false"", ""next(l4, l4)"": ""false""}";zoom;"[""a1"", ""ca"", ""cb"", ""l4"", ""l2"", ""l1""]";False;None
"{""in(p2, a1)"": ""false"", ""at-person(p2, cc)"": ""true"", ""at-aircraft(a1, cb)"": ""false"", ""at-aircraft(a1, cc)"": ""true"", ""fuel-level(a1, l3)"": ""false"", ""fuel-level(a1, l1)"": ""true"", ""fuel-level(a1, l2)"": ""false"", ""at-person(p2, cb)"": ""false"", ""at-aircraft(a1, ca)"": ""false"", ""in(p1, a1)"": ""false"", ""at-person(p1, ca)"": ""true"", ""next(l0, l1)"": ""true"", ""next(l1, l2)"": ""true"", ""next(l2, l3)"": ""true"", ""next(l3, l4)"": ""true"", ""route-fly(ca, cb)"": ""true"", ""route-fly(cb, ca)"": ""true"", ""route-zoom(cb, cc)"": ""true"", ""route-zoom(cc, cb)"": ""true"", ""at-person(p2, ca)"": ""false"", ""at-person(p1, cb)"": ""false"", ""at-person(p1, cc)"": ""false"", ""route-fly(ca, ca)"": ""false"", ""route-fly(cc, ca)"": ""false"", ""route-fly(cb, cb)"": ""false"", ""route-fly(cc, cb)"": ""false"", ""route-fly(ca, cc)"": ""false"", ""route-fly(cb, cc)"": ""false"", ""route-fly(cc, cc)"": ""false"", ""route-zoom(ca, ca)"": ""false"", ""route-zoom(cb, ca)"": ""false"", ""route-zoom(cc, ca)"": ""false"", ""route-zoom(ca, cb)"": ""false"", ""route-zoom(cb, cb)"": ""false"", ""route-zoom(ca, cc)"": ""false"", ""route-zoom(cc, cc)"": ""false"", ""fuel-level(a1, l0)"": ""false"", ""fuel-level(a1, l4)"": ""false"", ""next(l0, l0)"": ""false"", ""next(l1, l0)"": ""false"", ""next(l2, l0)"": ""false"", ""next(l3, l0)"": ""false"", ""next(l4, l0)"": ""false"", ""next(l1, l1)"": ""false"", ""next(l2, l1)"": ""false"", ""next(l3, l1)"": ""false"", ""next(l4, l1)"": ""false"", ""next(l0, l2)"": ""false"", ""next(l2, l2)"": ""false"", ""next(l3, l2)"": ""false"", ""next(l4, l2)"": ""false"", ""next(l0, l3)"": ""false"", ""next(l1, l3)"": ""false"", ""next(l3, l3)"": ""false"", ""next(l4, l3)"": ""false"", ""next(l0, l4)"": ""false"", ""next(l1, l4)"": ""false"", ""next(l2, l4)"": ""false"", ""next(l4, l4)"": ""false""}";refuel;"[""a1"", ""cc"", ""l1"", ""l2""]";True;"{""fuel-level(a1, l2)"": ""true"", ""fuel-level(a1, l1)"": ""false"", ""in(p2, a1)"": ""false"", ""at-person(p2, cc)"": ""true"", ""at-aircraft(a1, cb)"": ""false"", ""at-aircraft(a1, cc)"": ""true"", ""fuel-level(a1, l3)"": ""false"", ""at-person(p2, cb)"": ""false"", ""at-aircraft(a1, ca)"": ""false"", ""in(p1, a1)"": ""false"", ""at-person(p1, ca)"": ""true"", ""next(l0, l1)"": ""true"", ""next(l1, l2)"": ""true"", ""next(l2, l3)"": ""true"", ""next(l3, l4)"": ""true"", ""route-fly(ca, cb)"": ""true"", ""route-fly(cb, ca)"": ""true"", ""route-zoom(cb, cc)"": ""true"", ""route-zoom(cc, cb)"": ""true"", ""at-person(p2, ca)"": ""false"", ""at-person(p1, cb)"": ""false"", ""at-person(p1, cc)"": ""false"", ""route-fly(ca, ca)"": ""false"", ""route-fly(cc, ca)"": ""false"", ""route-fly(cb, cb)"": ""false"", ""route-fly(cc, cb)"": ""false"", ""route-fly(ca, cc)"": ""false"", ""route-fly(cb, cc)"": ""false"", ""route-fly(cc, cc)"": ""false"", ""route-zoom(ca, ca)"": ""false"", ""route-zoom(cb, ca)"": ""false"", ""route-zoom(cc, ca)"": ""false"", ""route-zoom(ca, cb)"": ""false"", ""route-zoom(cb, cb)"": ""false"", ""route-zoom(ca, cc)"": ""false"", ""route-zoom(cc, cc)"": ""false"", ""fuel-level(a1, l0)"": ""false"", ""fuel-level(a1, l4)"": ""false"", ""next(l0, l0)"": ""false"", ""next(l1, l0)"": ""false"", ""next(l2, l0)"": ""false"", ""next(l3, l0)"": ""false"", ""next(l4, l0)"": ""false"", ""next(l1, l1)"": ""false"", ""next(l2, l1)"": ""false"", ""next(l3, l1)"": ""false"", ""next(l4, l1)"": ""false"", ""next(l0, l2)"": ""false"", ""next(l2, l2)"": ""false"", ""next(l3, l2)"": ""false"", ""next(l4, l2)"": ""false"", ""next(l0, l3)"": ""false"", ""next(l1, l3)"": ""false"", ""next(l3, l3)"": ""false"", ""next(l4, l3)"": ""false"", ""next(l0, l4)"": ""false"", ""next(l1, l4)"": ""false"", ""next(l2, l4)"": ""false"", ""next(l4, l4)"": ""false""}"
"{""in(p2, a1)"": ""false"", ""at-person(p2, cc)"": ""true"", ""at-aircraft(a1, cb)"": ""false"", ""at-aircraft(a1, cc)"": ""true"", ""fuel-level(a1, l3)"": ""false"", ""fuel-level(a1, l1)"": ""true"", ""fuel-level(a1, l2)"": ""false"", ""at-person(p2, cb)"": ""false"", ""at-aircraft(a1, ca)"": ""false"", ""in(p1, a1)"": ""false"", ""at-person(p1, ca)"": ""true"", ""next(l0, l1)"": ""true"", ""next(l1, l2)"": ""true"", ""next(l2, l3)"": ""true"", ""next(l3, l4)"": ""true"", ""route-fly(ca, cb)"": ""true"", ""route-fly(cb, ca)"": ""true"", ""route-zoom(cb, cc)"": ""true"", ""route-zoom(cc, cb)"": ""true"", ""at-person(p2, ca)"": ""false"", ""at-person(p1, cb)"": ""false"", ""at-person(p1, cc)"": ""false"", ""route-fly(ca, ca)"": ""false"", ""route-fly(cc, ca)"": ""false"", ""route-fly(cb, cb)"": ""false"", ""route-fly(cc, cb)"": ""false"", ""route-fly(ca, cc)"": ""false"", ""route-fly(cb, cc)"": ""false"", ""route-fly(cc, cc)"": ""false"", ""route-zoom(ca, ca)"": ""false"", ""route-zoom(cb, ca)"": ""false"", ""route-zoom(cc, ca)"": ""false"", ""route-zoom(ca, cb)"": ""false"", ""route-zoom(cb, cb)"": ""false"", ""route-zoom(ca, cc)"": ""false"", ""route-zoom(cc, cc)"": ""false"", ""fuel-level(a1, l0)"": ""false"", ""fuel-level(a1, l4)"": ""false"", ""next(l0, l0)"": ""false"", ""next(l1, l0)"": ""false"", ""next(l2, l0)"": ""false"", ""next(l3, l0)"": ""false"", ""next(l4, l0)"": ""false"", ""next(l1, l1)"": ""false"", ""next(l2, l1)"": ""false"", ""next(l3, l1)"": ""false"", ""next(l4, l1)"": ""false"", ""next(l0, l2)"": ""false"", ""next(l2, l2)"": ""false"", ""next(l3, l2)"": ""false"", ""next(l4, l2)"": ""false"", ""next(l0, l3)"": ""false"", ""next(l1, l3)"": ""false"", ""next(l3, l3)"": ""false"", ""next(l4, l3)"": ""false"", ""next(l0, l4)"": ""false"", ""next(l1, l4)"": ""false"", ""next(l2, l4)"": ""false"", ""next(l4, l4)"": ""false""}";zoom;"[""a1"", ""cc"", ""cb"", ""l2"", ""l1"", ""l3""]";False;None
"{""in(p2, a1)"": ""false"", ""at-person(p2, cc)"": ""true"", ""at-aircraft(a1, cb)"": ""false"", ""at-aircraft(a1, cc)"": ""true"", ""fuel-level(a1, l3)"": ""false"", ""fuel-level(a1, l1)"": ""true"", ""fuel-level(a1, l2)"": ""false"", ""at-person(p2, cb)"": ""false"", ""at-aircraft(a1, ca)"": ""false"", ""in(p1, a1)"": ""false"", ""at-person(p1, ca)"": ""true"", ""next(l0, l1)"": ""true"", ""next(l1, l2)"": ""true"", ""next(l2, l3)"": ""true"", ""next(l3, l4)"": ""true"", ""route-fly(ca, cb)"": ""true"", ""route-fly(cb, ca)"": ""true"", ""route-zoom(cb, cc)"": ""true"", ""route-zoom(cc, cb)"": ""true"", ""at-person(p2, ca)"": ""false"", ""at-person(p1, cb)"": ""false"", ""at-person(p1, cc)"": ""false"", ""route-fly(ca, ca)"": ""false"", ""route-fly(cc, ca)"": ""false"", ""route-fly(cb, cb)"": ""false"", ""route-fly(cc, cb)"": ""false"", ""route-fly(ca, cc)"": ""false"", ""route-fly(cb, cc)"": ""false"", ""route-fly(cc, cc)"": ""false"", ""route-zoom(ca, ca)"": ""false"", ""route-zoom(cb, ca)"": ""false"", ""route-zoom(cc, ca)"": ""false"", ""route-zoom(ca, cb)"": ""false"", ""route-zoom(cb, cb)"": ""false"", ""route-zoom(ca, cc)"": ""false"", ""route-zoom(cc, cc)"": ""false"", ""fuel-level(a1, l0)"": ""false"", ""fuel-level(a1, l4)"": ""false"", ""next(l0, l0)"": ""false"", ""next(l1, l0)"": ""false"", ""next(l2, l0)"": ""false"", ""next(l3, l0)"": ""false"", ""next(l4, l0)"": ""false"", ""next(l1, l1)"": ""false"", ""next(l2, l1)"": ""false"", ""next(l3, l1)"": ""false"", ""next(l4, l1)"": ""false"", ""next(l0, l2)"": ""false"", ""next(l2, l2)"": ""false"", ""next(l3, l2)"": ""false"", ""next(l4, l2)"": ""false"", ""next(l0, l3)"": ""false"", ""next(l1, l3)"": ""false"", ""next(l3, l3)"": ""false"", ""next(l4, l3)"": ""false"", ""next(l0, l4)"": ""false"", ""next(l1, l4)"": ""false"", ""next(l2, l4)"": ""false"", ""next(l4, l4)"": ""false""}";zoom;"[""a1"", ""cb"", ""cc"", ""l2"", ""l0"", ""l3""]";False;None
"{""fuel-level(a1, l2)"": ""true"", ""fuel-level(a1, l1)"": ""false"", ""in(p2, a1)"": ""false"", ""at-person(p2, cc)"": ""true"", ""at-aircraft(a1, cb)"": ""false"", ""at-aircraft(a1, cc)"": ""true"", ""fuel-level(a1, l3)"": ""false"", ""at-person(p2, cb)"": ""false"", ""at-aircraft(a1, ca)"": ""false"", ""in(p1, a1)"": ""false"", ""at-person(p1, ca)"": ""true"", ""next(l0, l1)"": ""true"", ""next(l1, l2)"": ""true"", ""next(l2, l3)"": ""true"", ""next(l3, l4)"": ""true"", ""route-fly(ca, cb)"": ""true"", ""route-fly(cb, ca)"": ""true"", ""route-zoom(cb, cc)"": ""true"", ""route-zoom(cc, cb)"": ""true"", ""at-person(p2, ca)"": ""false"", ""at-person(p1, cb)"": ""false"", ""at-person(p1, cc)"": ""false"", ""route-fly(ca, ca)"": ""false"", ""route-fly(cc, ca)"": ""false"", ""route-fly(cb, cb)"": ""false"", ""route-fly(cc, cb)"": ""false"", ""route-fly(ca, cc)"": ""false"", ""route-fly(cb, cc)"": ""false"", ""route-fly(cc, cc)"": ""false"", ""route-zoom(ca, ca)"": ""false"", ""route-zoom(cb, ca)"": ""false"", ""route-zoom(cc, ca)"": ""false"", ""route-zoom(ca, cb)"": ""false"", ""route-zoom(cb, cb)"": ""false"", ""route-zoom(ca, cc)"": ""false"", ""route-zoom(cc, cc)"": ""false"", ""fuel-level(a1, l0)"": ""false"", ""fuel-level(a1, l4)"": ""false"", ""next(l0, l0)"": ""false"", ""next(l1, l0)"": ""false"", ""next(l2, l0)"": ""false"", ""next(l3, l0)"": ""false"", ""next(l4, l0)"": ""false"", ""next(l1, l1)"": ""false"", ""next(l2, l1)"": ""false"", ""next(l3, l1)"": ""false"", ""next(l4, l1)"": ""false"", ""next(l0, l2)"": ""false"", ""next(l2, l2)"": ""false"", ""next(l3, l2)"": ""false"", ""next(l4, l2)"": ""false"", ""next(l0, l3)"": ""false"", ""next(l1, l3)"": ""false"", ""next(l3, l3)"": ""false"", ""next(l4, l3)"": ""false"", ""next(l0, l4)"": ""false"", ""next(l1, l4)"": ""false"", ""next(l2, l4)"": ""false"", ""next(l4, l4)"": ""false""}";refuel;"[""a1"", ""cc"", ""l2"", ""l3""]";True;"{""fuel-level(a1, l3)"": ""true"", ""fuel-level(a1, l2)"": ""false"", ""fuel-level(a1, l1)"": ""false"", ""in(p2, a1)"": ""false"", ""at-person(p2, cc)"": ""true"", ""at-aircraft(a1, cb)"": ""false"", ""at-aircraft(a1, cc)"": ""true"", ""at-person(p2, cb)"": ""false"", ""at-aircraft(a1, ca)"": ""false"", ""in(p1, a1)"": ""false"", ""at-person(p1, ca)"": ""true"", ""next(l0, l1)"": ""true"", ""next(l1, l2)"": ""true"", ""next(l2, l3)"": ""true"", ""next(l3, l4)"": ""true"", ""route-fly(ca, cb)"": ""true"", ""route-fly(cb, ca)"": ""true"", ""route-zoom(cb, cc)"": ""true"", ""route-zoom(cc, cb)"": ""true"", ""at-person(p2, ca)"": ""false"", ""at-person(p1, cb)"": ""false"", ""at-person(p1, cc)"": ""false"", ""route-fly(ca, ca)"": ""false"", ""route-fly(cc, ca)"": ""false"", ""route-fly(cb, cb)"": ""false"", ""route-fly(cc, cb)"": ""false"", ""route-fly(ca, cc)"": ""false"", ""route-fly(cb, cc)"": ""false"", ""route-fly(cc, cc)"": ""false"", ""route-zoom(ca, ca)"": ""false"", ""route-zoom(cb, ca)"": ""false"", ""route-zoom(cc, ca)"": ""false"", ""route-zoom(ca, cb)"": ""false"", ""route-zoom(cb, cb)"": ""false"", ""route-zoom(ca, cc)"": ""false"", ""route-zoom(cc, cc)"": ""false"", ""fuel-level(a1, l0)"": ""false"", ""fuel-level(a1, l4)"": ""false"", ""next(l0, l0)"": ""false"", ""next(l1, l0)"": ""false"", ""next(l2, l0)"": ""false"", ""next(l3, l0)"": ""false"", ""next(l4, l0)"": ""false"", ""next(l1, l1)"": ""false"", ""next(l2, l1)"": ""false"", ""next(l3, l1)"": ""false"", ""next(l4, l1)"": ""false"", ""next(l0, l2)"": ""false"", ""next(l2, l2)"": ""false"", ""next(l3, l2)"": ""false"", ""next(l4, l2)"": ""false"", ""next(l0, l3)"": ""false"", ""next(l1, l3)"": ""false"", ""next(l3, l3)"": ""false"", ""next(l4, l3)"": ""false"", ""next(l0, l4)"": ""false"", ""next(l1, l4)"": ""false"", ""next(l2, l4)"": ""false"", ""next(l4, l4)"": ""false""}"
"{""fuel-level(a1, l2)"": ""true"", ""fuel-level(a1, l1)"": ""false"", ""in(p2, a1)"": ""false"", ""at-person(p2, cc)"": ""true"", ""at-aircraft(a1, cb)"": ""false"", ""at-aircraft(a1, cc)"": ""true"", ""fuel-level(a1, l3)"": ""false"", ""at-person(p2, cb)"": ""false"", ""at-aircraft(a1, ca)"": ""false"", ""in(p1, a1)"": ""false"", ""at-person(p1, ca)"": ""true"", ""next(l0, l1)"": ""true"", ""next(l1, l2)"": ""true"", ""next(l2, l3)"": ""true"", ""next(l3, l4)"": ""true"", ""route-fly(ca, cb)"": ""true"", ""route-fly(cb, ca)"": ""true"", ""route-zoom(cb, cc)"": ""true"", ""route-zoom(cc, cb)"": ""true"", ""at-person(p2, ca)"": ""false"", ""at-person(p1, cb)"": ""false"", ""at-person(p1, cc)"": ""false"", ""route-fly(ca, ca)"": ""false"", ""route-fly(cc, ca)"": ""false"", ""route-fly(cb, cb)"": ""false"", ""route-fly(cc, cb)"": ""false"", ""route-fly(ca, cc)"": ""false"", ""route-fly(cb, cc)"": ""false"", ""route-fly(cc, cc)"": ""false"", ""route-zoom(ca, ca)"": ""false"", ""route-zoom(cb, ca)"": ""false"", ""route-zoom(cc, ca)"": ""false"", ""route-zoom(ca, cb)"": ""false"", ""route-zoom(cb, cb)"": ""false"", ""route-zoom(ca, cc)"": ""false"", ""route-zoom(cc, cc)"": ""false"", ""fuel-level(a1, l0)"": ""false"", ""fuel-level(a1, l4)"": ""false"", ""next(l0, l0)"": ""false"", ""next(l1, l0)"": ""false"", ""next(l2, l0)"": ""false"", ""next(l3, l0)"": ""false"", ""next(l4, l0)"": ""false"", ""next(l1, l1)"": ""false"", ""next(l2, l1)"": ""false"", ""next(l3, l1)"": ""false"", ""next(l4, l1)"": ""false"", ""next(l0, l2)"": ""false"", ""next(l2, l2)"": ""false"", ""next(l3, l2)"": ""false"", ""next(l4, l2)"": ""false"", ""next(l0, l3)"": ""false"", ""next(l1, l3)"": ""false"", ""next(l3, l3)"": ""false"", ""next(l4, l3)"": ""false"", ""next(l0, l4)"": ""false"", ""next(l1, l4)"": ""false"", ""next(l2, l4)"": ""false"", ""next(l4, l4)"": ""false""}";zoom;"[""a1"", ""ca"", ""cb"", ""l0"", ""l4"", ""l1""]";False;None
"{""fuel-level(a1, l2)"": ""true"", ""fuel-level(a1, l1)"": ""false"", ""in(p2, a1)"": ""false"", ""at-person(p2, cc)"": ""true"", ""at-aircraft(a1, cb)"": ""false"", ""at-aircraft(a1, cc)"": ""true"", ""fuel-level(a1, l3)"": ""false"", ""at-person(p2, cb)"": ""false"", ""at-aircraft(a1, ca)"": ""false"", ""in(p1, a1)"": ""false"", ""at-person(p1, ca)"": ""true"", ""next(l0, l1)"": ""true"", ""next(l1, l2)"": ""true"", ""next(l2, l3)"": ""true"", ""next(l3, l4)"": ""true"", ""route-fly(ca, cb)"": ""true"", ""route-fly(cb, ca)"": ""true"", ""route-zoom(cb, cc)"": ""true"", ""route-zoom(cc, cb)"": ""true"", ""at-person(p2, ca)"": ""false"", ""at-person(p1, cb)"": ""false"", ""at-person(p1, cc)"": ""false"", ""route-fly(ca, ca)"": ""false"", ""route-fly(cc, ca)"": ""false"", ""route-fly(cb, cb)"": ""false"", ""route-fly(cc, cb)"": ""false"", ""route-fly(ca, cc)"": ""false"", ""route-fly(cb, cc)"": ""false"", ""route-fly(cc, cc)"": ""false"", ""route-zoom(ca, ca)"": ""false"", ""route-zoom(cb, ca)"": ""false"", ""route-zoom(cc, ca)"": ""false"", ""route-zoom(ca, cb)"": ""false"", ""route-zoom(cb, cb)"": ""false"", ""route-zoom(ca, cc)"": ""false"", ""route-zoom(cc, cc)"": ""false"", ""fuel-level(a1, l0)"": ""false"", ""fuel-level(a1, l4)"": ""false"", ""next(l0, l0)"": ""false"", ""next(l1, l0)"": ""false"", ""next(l2, l0)"": ""false"", ""next(l3, l0)"": ""false"", ""next(l4, l0)"": ""false"", ""next(l1, l1)"": ""false"", ""next(l2, l1)"": ""false"", ""next(l3, l1)"": ""false"", ""next(l4, l1)"": ""false"", ""next(l0, l2)"": ""false"", ""next(l2, l2)"": ""false"", ""next(l3, l2)"": ""false"", ""next(l4, l2)"": ""false"", ""next(l0, l3)"": ""false"", ""next(l1, l3)"": ""false"", ""next(l3, l3)"": ""false"", ""next(l4, l3)"": ""false"", ""next(l0, l4)"": ""false"", ""next(l1, l4)"": ""false"", ""next(l2, l4)"": ""false"", ""next(l4, l4)"": ""false""}";zoom;"[""a1"", ""cc"", ""ca"", ""l3"", ""l0"", ""l2""]";False;None
"{""fuel-level(a1, l3)"": ""true"", ""fuel-level(a1, l2)"": ""false"", ""fuel-level(a1, l1)"": ""false"", ""in(p2, a1)"": ""false"", ""at-person(p2, cc)"": ""true"", ""at-aircraft(a1, cb)"": ""false"", ""at-aircraft(a1, cc)"": ""true"", ""at-person(p2, cb)"": ""false"", ""at-aircraft(a1, ca)"": ""false"", ""in(p1, a1)"": ""false"", ""at-person(p1, ca)"": ""true"", ""next(l0, l1)"": ""true"", ""next(l1, l2)"": ""true"", ""next(l2, l3)"": ""true"", ""next(l3, l4)"": ""true"", ""route-fly(ca, cb)"": ""true"", ""route-fly(cb, ca)"": ""true"", ""route-zoom(cb, cc)"": ""true"", ""route-zoom(cc, cb)"": ""true"", ""at-person(p2, ca)"": ""false"", ""at-person(p1, cb)"": ""false"", ""at-person(p1, cc)"": ""false"", ""route-fly(ca, ca)"": ""false"", ""route-fly(cc, ca)"": ""false"", ""route-fly(cb, cb)"": ""false"", ""route-fly(cc, cb)"": ""false"", ""route-fly(ca, cc)"": ""false"", ""route-fly(cb, cc)"": ""false"", ""route-fly(cc, cc)"": ""false"", ""route-zoom(ca, ca)"": ""false"", ""route-zoom(cb, ca)"": ""false"", ""route-zoom(cc, ca)"": ""false"", ""route-zoom(ca, cb)"": ""false"", ""route-zoom(cb, cb)"": ""false"", ""route-zoom(ca, cc)"": ""false"", ""route-zoom(cc, cc)"": ""false"", ""fuel-level(a1, l0)"": ""false"", ""fuel-level(a1, l4)"": ""false"", ""next(l0, l0)"": ""false"", ""next(l1, l0)"": ""false"", ""next(l2, l0)"": ""false"", ""next(l3, l0)"": ""false"", ""next(l4, l0)"": ""false"", ""next(l1, l1)"": ""false"", ""next(l2, l1)"": ""false"", ""next(l3, l1)"": ""false"", ""next(l4, l1)"": ""false"", ""next(l0, l2)"": ""false"", ""next(l2, l2)"": ""false"", ""next(l3, l2)"": ""false"", ""next(l4, l2)"": ""false"", ""next(l0, l3)"": ""false"", ""next(l1, l3)"": ""false"", ""next(l3, l3)"": ""false"", ""next(l4, l3)"": ""false"", ""next(l0, l4)"": ""false"", ""next(l1, l4)"": ""false"", ""next(l2, l4)"": ""false"", ""next(l4, l4)"": ""false""}";refuel;"[""a1"", ""cc"", ""l3"", ""l4""]";True;"{""fuel-level(a1, l4)"": ""true"", ""fuel-level(a1, l3)"": ""false"", ""fuel-level(a1, l2)"": ""false"", ""fuel-level(a1, l1)"": ""false"", ""in(p2, a1)"": ""false"", ""at-person(p2, cc)"": ""true"", ""at-aircraft(a1, cb)"": ""false"", ""at-aircraft(a1, cc)"": ""true"", ""at-person(p2, cb)"": ""false"", ""at-aircraft(a1, ca)"": ""false"", ""in(p1, a1)"": ""false"", ""at-person(p1, ca)"": ""true"", ""next(l0, l1)"": ""true"", ""next(l1, l2)"": ""true"", ""next(l2, l3)"": ""true"", ""next(l3, l4)"": ""true"", ""route-fly(ca, cb)"": ""true"", ""route-fly(cb, ca)"": ""true"", ""route-zoom(cb, cc)"": ""true"", ""route-zoom(cc, cb)"": ""true"", ""at-person(p2, ca)"": ""false"", ""at-person(p1, cb)"": ""false"", ""at-person(p1, cc)"": ""false"", ""route-fly(ca, ca)"": ""false"", ""route-fly(cc, ca)"": ""false"", ""route-fly(cb, cb)"": ""false"", ""route-fly(cc, cb)"": ""false"", ""route-fly(ca, cc)"": ""false"", ""route-fly(cb, cc)"": ""false"", ""route-fly(cc, cc)"": ""false"", ""route-zoom(ca, ca)"": ""false"", ""route-zoom(cb, ca)"": ""false"", ""route-zoom(cc, ca)"": ""false"", ""route-zoom(ca, cb)"": ""false"", ""route-zoom(cb, cb)"": ""false"", ""route-zoom(ca, cc)"": ""false"", ""route-zoom(cc, cc)"": ""false"", ""fuel-level(a1, l0)"": ""false"", ""next(l0, l0)"": ""false"", ""next(l1, l0)"": ""false"", ""next(l2, l0)"": ""false"", ""next(l3, l0)"": ""false"", ""next(l4, l0)"": ""false"", ""next(l1, l1)"": ""false"", ""next(l2, l1)"": ""false"", ""next(l3, l1)"": ""false"", ""next(l4, l1)"": ""false"", ""next(l0, l2)"": ""false"", ""next(l2, l2)"": ""false"", ""next(l3, l2)"": ""false"", ""next(l4, l2)"": ""false"", ""next(l0, l3)"": ""false"", ""next(l1, l3)"": ""false"", ""next(l3, l3)"": ""false"", ""next(l4, l3)"": ""false"", ""next(l0, l4)"": ""false"", ""next(l1, l4)"": ""false"", ""next(l2, l4)"": ""false"", ""next(l4, l4)"": ""false""}"
"{""fuel-level(a1, l3)"": ""true"", ""fuel-level(a1, l2)"": ""false"", ""fuel-level(a1, l1)"": ""false"", ""in(p2, a1)"": ""false"", ""at-person(p2, cc)"": ""true"", ""at-aircraft(a1, cb)"": ""false"", ""at-aircraft(a1, cc)"": ""true"", ""at-person(p2, cb)"": ""false"", ""at-aircraft(a1, ca)"": ""false"", ""in(p1, a1)"": ""false"", ""at-person(p1, ca)"": ""true"", ""next(l0, l1)"": ""true"", ""next(l1, l2)"": ""true"", ""next(l2, l3)"": ""true"", ""next(l3, l4)"": ""true"", ""route-fly(ca, cb)"": ""true"", ""route-fly(cb, ca)"": ""true"", ""route-zoom(cb, cc)"": ""true"", ""route-zoom(cc, cb)"": ""true"", ""at-person(p2, ca)"": ""false"", ""at-person(p1, cb)"": ""false"", ""at-person(p1, cc)"": ""false"", ""route-fly(ca, ca)"": ""false"", ""route-fly(cc, ca)"": ""false"", ""route-fly(cb, cb)"": ""false"", ""route-fly(cc, cb)"": ""false"", ""route-fly(ca, cc)"": ""false"", ""route-fly(cb, cc)"": ""false"", ""route-fly(cc, cc)"": ""false"", ""route-zoom(ca, ca)"": ""false"", ""route-zoom(cb, ca)"": ""false"", ""route-zoom(cc, ca)"": ""false"", ""route-zoom(ca, cb)"": ""false"", ""route-zoom(cb, cb)"": ""false"", ""route-zoom(ca, cc)"": ""false"", ""route-zoom(cc, cc)"": ""false"", ""fuel-level(a1, l0)"": ""false"", ""fuel-level(a1, l4)"": ""false"", ""next(l0, l0)"": ""false"", ""next(l1, l0)"": ""false"", ""next(l2, l0)"": ""false"", ""next(l3, l0)"": ""false"", ""next(l4, l0)"": ""false"", ""next(l1, l1)"": ""false"", ""next(l2, l1)"": ""false"", ""next(l3, l1)"": ""false"", ""next(l4, l1)"": ""false"", ""next(l0, l2)"": ""false"", ""next(l2, l2)"": ""false"", ""next(l3, l2)"": ""false"", ""next(l4, l2)"": ""false"", ""next(l0, l3)"": ""false"", ""next(l1, l3)"": ""false"", ""next(l3, l3)"": ""false"", ""next(l4, l3)"": ""false"", ""next(l0, l4)"": ""false"", ""next(l1, l4)"": ""false"", ""next(l2, l4)"": ""false"", ""next(l4, l4)"": ""false""}";refuel;"[""a1"", ""cb"", ""l4"", ""l0""]";False;None
"{""fuel-level(a1, l3)"": ""true"", ""fuel-level(a1, l2)"": ""false"", ""fuel-level(a1, l1)"": ""false"", ""in(p2, a1)"": ""false"", ""at-person(p2, cc)"": ""true"", ""at-aircraft(a1, cb)"": ""false"", ""at-aircraft(a1, cc)"": ""true"", ""at-person(p2, cb)"": ""false"", ""at-aircraft(a1, ca)"": ""false"", ""in(p1, a1)"": ""false"", ""at-person(p1, ca)"": ""true"", ""next(l0, l1)"": ""true"", ""next(l1, l2)"": ""true"", ""next(l2, l3)"": ""true"", ""next(l3, l4)"": ""true"", ""route-fly(ca, cb)"": ""true"", ""route-fly(cb, ca)"": ""true"", ""route-zoom(cb, cc)"": ""true"", ""route-zoom(cc, cb)"": ""true"", ""at-person(p2, ca)"": ""false"", ""at-person(p1, cb)"": ""false"", ""at-person(p1, cc)"": ""false"", ""route-fly(ca, ca)"": ""false"", ""route-fly(cc, ca)"": ""false"", ""route-fly(cb, cb)"": ""false"", ""route-fly(cc, cb)"": ""false"", ""route-fly(ca, cc)"": ""false"", ""route-fly(cb, cc)"": ""false"", ""route-fly(cc, cc)"": ""false"", ""route-zoom(ca, ca)"": ""false"", ""route-zoom(cb, ca)"": ""false"", ""route-zoom(cc, ca)"": ""false"", ""route-zoom(ca, cb)"": ""false"", ""route-zoom(cb, cb)"": ""false"", ""route-zoom(ca, cc)"": ""false"", ""route-zoom(cc, cc)"": ""false"", ""fuel-level(a1, l0)"": ""false"", ""fuel-level(a1, l4)"": ""false"", ""next(l0, l0)"": ""false"", ""next(l1, l0)"": ""false"", ""next(l2, l0)"": ""false"", ""next(l3, l0)"": ""false"", ""next(l4, l0)"": ""false"", ""next(l1, l1)"": ""false"", ""next(l2, l1)"": ""false"", ""next(l3, l1)"": ""false"", ""next(l4, l1)"": ""false"", ""next(l0, l2)"": ""false"", ""next(l2, l2)"": ""false"", ""next(l3, l2)"": ""false"", ""next(l4, l2)"": ""false"", ""next(l0, l3)"": ""false"", ""next(l1, l3)"": ""false"", ""next(l3, l3)"": ""false"", ""next(l4, l3)"": ""false"", ""next(l0, l4)"": ""false"", ""next(l1, l4)"": ""false"", ""next(l2, l4)"": ""false"", ""next(l4, l4)"": ""false""}";zoom;"[""a1"", ""cc"", ""cb"", ""l0"", ""l2"", ""l3""]";False;None
"{""fuel-level(a1, l4)"": ""true"", ""fuel-level(a1, l3)"": ""false"", ""fuel-level(a1, l2)"": ""false"", ""fuel-level(a1, l1)"": ""false"", ""in(p2, a1)"": ""false"", ""at-person(p2, cc)"": ""true"", ""at-aircraft(a1, cb)"": ""false"", ""at-aircraft(a1, cc)"": ""true"", ""at-person(p2, cb)"": ""false"", ""at-aircraft(a1, ca)"": ""false"", ""in(p1, a1)"": ""false"", ""at-person(p1, ca)"": ""true"", ""next(l0, l1)"": ""true"", ""next(l1, l2)"": ""true"", ""next(l2, l3)"": ""true"", ""next(l3, l4)"": ""true"", ""route-fly(ca, cb)"": ""true"", ""route-fly(cb, ca)"": ""true"", ""route-zoom(cb, cc)"": ""true"", ""route-zoom(cc, cb)"": ""true"", ""at-person(p2, ca)"": ""false"", ""at-person(p1, cb)"": ""false"", ""at-person(p1, cc)"": ""false"", ""route-fly(ca, ca)"": ""false"", ""route-fly(cc, ca)"": ""false"", ""route-fly(cb, cb)"": ""false"", ""route-fly(cc, cb)"": ""false"", ""route-fly(ca, cc)"": ""false"", ""route-fly(cb, cc)"": ""false"", ""route-fly(cc, cc)"": ""false"", ""route-zoom(ca, ca)"": ""false"", ""route-zoom(cb, ca)"": ""false"", ""route-zoom(cc, ca)"": ""false"", ""route-zoom(ca, cb)"": ""false"", ""route-zoom(cb, cb)"": ""false"", ""route-zoom(ca, cc)"": ""false"", ""route-zoom(cc, cc)"": ""false"", ""fuel-level(a1, l0)"": ""false"", ""next(l0, l0)"": ""false"", ""next(l1, l0)"": ""false"", ""next(l2, l0)"": ""false"", ""next(l3, l0)"": ""false"", ""next(l4, l0)"": ""false"", ""next(l1, l1)"": ""false"", ""next(l2, l1)"": ""false"", ""next(l3, l1)"": ""false"", ""next(l4, l1)"": ""false"", ""next(l0, l2)"": ""false"", ""next(l2, l2)"": ""false"", ""next(l3, l2)"": ""false"", ""next(l4, l2)"": ""false"", ""next(l0, l3)"": ""false"", ""next(l1, l3)"": ""false"", ""next(l3, l3)"": ""false"", ""next(l4, l3)"": ""false"", ""next(l0, l4)"": ""false"", ""next(l1, l4)"": ""false"", ""next(l2, l4)"": ""false"", ""next(l4, l4)"": ""false""}";zoom;"[""a1"", ""cc"", ""cb"", ""l4"", ""l3"", ""l2""]";True;"{""at-aircraft(a1, cc)"": ""false"", ""at-aircraft(a1, cb)"": ""true"", ""fuel-level(a1, l4)"": ""false"", ""fuel-level(a1, l2)"": ""true"", ""fuel-level(a1, l3)"": ""false"", ""fuel-level(a1, l1)"": ""false"", ""in(p2, a1)"": ""false"", ""at-person(p2, cc)"": ""true"", ""at-person(p2, cb)"": ""false"", ""at-aircraft(a1, ca)"": ""false"", ""in(p1, a1)"": ""false"", ""at-person(p1, ca)"": ""true"", ""next(l0, l1)"": ""true"", ""next(l1, l2)"": ""true"", ""next(l2, l3)"": ""true"", ""next(l3, l4)"": ""true"", ""route-fly(ca, cb)"": ""true"", ""route-fly(cb, ca)"": ""true"", ""route-zoom(cb, cc)"": ""true"", ""route-zoom(cc, cb)"": ""true"", ""at-person(p2, ca)"": ""false"", ""at-person(p1, cb)"": ""false"", ""at-person(p1, cc)"": ""false"", ""route-fly(ca, ca)"": ""false"", ""route-fly(cc, ca)"": ""false"", ""route-fly(cb, cb)"": ""false"", ""route-fly(cc, cb)"": ""false"", ""route-fly(ca, cc)"": ""false"", ""route-fly(cb, cc)"": ""false"", ""route-fly(cc, cc)"": ""false"", ""route-zoom(ca, ca)"": ""false"", ""route-zoom(cb, ca)"": ""false"", ""route-zoom(cc, ca)"": ""false"", ""route-zoom(ca, cb)"": ""false"", ""route-zoom(cb, cb)"": ""false"", ""route-zoom(ca, cc)"": ""false"", ""route-zoom(cc, cc)"": ""false"", ""fuel-level(a1, l0)"": ""false"", ""next(l0, l0)"": ""false"", ""next(l1, l0)"": ""false"", ""next(l2, l0)"": ""false"", ""next(l3, l0)"": ""false"", ""next(l4, l0)"": ""false"", ""next(l1, l1)"": ""false"", ""next(l2, l1)"": ""false"", ""next(l3, l1)"": ""false"", ""next(l4, l1)"": ""false"", ""next(l0, l2)"": ""false"", ""next(l2, l2)"": ""false"", ""next(l3, l2)"": ""false"", ""next(l4, l2)"": ""false"", ""next(l0, l3)"": ""false"", ""next(l1, l3)"": ""false"", ""next(l3, l3)"": ""false"", ""next(l4, l3)"": ""false"", ""next(l0, l4)"": ""false"", ""next(l1, l4)"": ""false"", ""next(l2, l4)"": ""false"", ""next(l4, l4)"": ""false""}"
"{""fuel-level(a1, l4)"": ""true"", ""fuel-level(a1, l3)"": ""false"", ""fuel-level(a1, l2)"": ""false"", ""fuel-level(a1, l1)"": ""false"", ""in(p2, a1)"": ""false"", ""at-person(p2, cc)"": ""true"", ""at-aircraft(a1, cb)"": ""false"", ""at-aircraft(a1, cc)"": ""true"", ""at-person(p2, cb)"": ""false"", ""at-aircraft(a1, ca)"": ""false"", ""in(p1, a1)"": ""false"", ""at-person(p1, ca)"": ""true"", ""next(l0, l1)"": ""true"", ""next(l1, l2)"": ""true"", ""next(l2, l3)"": ""true"", ""next(l3, l4)"": ""true"", ""route-fly(ca, cb)"": ""true"", ""route-fly(cb, ca)"": ""true"", ""route-zoom(cb, cc)"": ""true"", ""route-zoom(cc, cb)"": ""true"", ""at-person(p2, ca)"": ""false"", ""at-person(p1, cb)"": ""false"", ""at-person(p1, cc)"": ""false"", ""route-fly(ca, ca)"": ""false"", ""route-fly(cc, ca)"": ""false"", ""route-fly(cb, cb)"": ""false"", ""route-fly(cc, cb)"": ""false"", ""route-fly(ca, cc)"": ""false"", ""route-fly(cb, cc)"": ""false"", ""route-fly(cc, cc)"": ""false"", ""route-zoom(ca, ca)"": ""false"", ""route-zoom(cb, ca)"": ""false"", ""route-zoom(cc, ca)"": ""false"", ""route-zoom(ca, cb)"": ""false"", ""route-zoom(cb, cb)"": ""false"", ""route-zoom(ca, cc)"": ""false"", ""route-zoom(cc, cc)"": ""false"", ""fuel-level(a1, l0)"": ""false"", ""next(l0, l0)"": ""false"", ""next(l1, l0)"": ""false"", ""next(l2, l0)"": ""false"", ""next(l3, l0)"": ""false"", ""next(l4, l0)"": ""false"", ""next(l1, l1)"": ""false"", ""next(l2, l1)"": ""false"", ""next(l3, l1)"": ""false"", ""next(l4, l1)"": ""false"", ""next(l0, l2)"": ""false"", ""next(l2, l2)"": ""false"", ""next(l3, l2)"": ""false"", ""next(l4, l2)"": ""false"", ""next(l0, l3)"": ""false"", ""next(l1, l3)"": ""false"", ""next(l3, l3)"": ""false"", ""next(l4, l3)"": ""false"", ""next(l0, l4)"": ""false"", ""next(l1, l4)"": ""false"", ""next(l2, l4)"": ""false"", ""next(l4, l4)"": ""false""}";zoom;"[""a1"", ""cc"", ""cb"", ""l2"", ""l1"", ""l3""]";False;None
"{""fuel-level(a1, l4)"": ""true"", ""fuel-level(a1, l3)"": ""false"", ""fuel-level(a1, l2)"": ""false"", ""fuel-level(a1, l1)"": ""false"", ""in(p2, a1)"": ""false"", ""at-person(p2, cc)"": ""true"", ""at-aircraft(a1, cb)"": ""false"", ""at-aircraft(a1, cc)"": ""true"", ""at-person(p2, cb)"": ""false"", ""at-aircraft(a1, ca)"": ""false"", ""in(p1, a1)"": ""false"", ""at-person(p1, ca)"": ""true"", ""next(l0, l1)"": ""true"", ""next(l1, l2)"": ""true"", ""next(l2, l3)"": ""true"", ""next(l3, l4)"": ""true"", ""route-fly(ca, cb)"": ""true"", ""route-fly(cb, ca)"": ""true"", ""route-zoom(cb, cc)"": ""true"", ""route-zoom(cc, cb)"": ""true"", ""at-person(p2, ca)"": ""false"", ""at-person(p1, cb)"": ""false"", ""at-person(p1, cc)"": ""false"", ""route-fly(ca, ca)"": ""false"", ""route-fly(cc, ca)"": ""false"", ""route-fly(cb, cb)"": ""false"", ""route-fly(cc, cb)"": ""false"", ""route-fly(ca, cc)"": ""false"", ""route-fly(cb, cc)"": ""false"", ""route-fly(cc, cc)"": ""false"", ""route-zoom(ca, ca)"": ""false"", ""route-zoom(cb, ca)"": ""false"", ""route-zoom(cc, ca)"": ""false"", ""route-zoom(ca, cb)"": ""false"", ""route-zoom(cb, cb)"": ""false"", ""route-zoom(ca, cc)"": ""false"", ""route-zoom(cc, cc)"": ""false"", ""fuel-level(a1, l0)"": ""false"", ""next(l0, l0)"": ""false"", ""next(l1, l0)"": ""false"", ""next(l2, l0)"": ""false"", ""next(l3, l0)"": ""false"", ""next(l4, l0)"": ""false"", ""next(l1, l1)"": ""false"", ""next(l2, l1)"": ""false"", ""next(l3, l1)"": ""false"", ""next(l4, l1)"": ""false"", ""next(l0, l2)"": ""false"", ""next(l2, l2)"": ""false"", ""next(l3, l2)"": ""false"", ""next(l4, l2)"": ""false"", ""next(l0, l3)"": ""false"", ""next(l1, l3)"": ""false"", ""next(l3, l3)"": ""false"", ""next(l4, l3)"": ""false"", ""next(l0, l4)"": ""false"", ""next(l1, l4)"": ""false"", ""next(l2, l4)"": ""false"", ""next(l4, l4)"": ""false""}";refuel;"[""a1"", ""cb"", ""l2"", ""l4""]";False;None
"{""at-aircraft(a1, cc)"": ""false"", ""at-aircraft(a1, cb)"": ""true"", ""fuel-level(a1, l4)"": ""false"", ""fuel-level(a1, l2)"": ""true"", ""fuel-level(a1, l3)"": ""false"", ""fuel-level(a1, l1)"": ""false"", ""in(p2, a1)"": ""false"", ""at-person(p2, cc)"": ""true"", ""at-person(p2, cb)"": ""false"", ""at-aircraft(a1, ca)"": ""false"", ""in(p1, a1)"": ""false"", ""at-person(p1, ca)"": ""true"", ""next(l0, l1)"": ""true"", ""next(l1, l2)"": ""true"", ""next(l2, l3)"": ""true"", ""next(l3, l4)"": ""true"", ""route-fly(ca, cb)"": ""true"", ""route-fly(cb, ca)"": ""true"", ""route-zoom(cb, cc)"": ""true"", ""route-zoom(cc, cb)"": ""true"", ""at-person(p2, ca)"": ""false"", ""at-person(p1, cb)"": ""false"", ""at-person(p1, cc)"": ""false"", ""route-fly(ca, ca)"": ""false"", ""route-fly(cc, ca)"": ""false"", ""route-fly(cb, cb)"": ""false"", ""route-fly(cc, cb)"": ""false"", ""route-fly(ca, cc)"": ""false"", ""route-fly(cb, cc)"": ""false"", ""route-fly(cc, cc)"": ""false"", ""route-zoom(ca, ca)"": ""false"", ""route-zoom(cb, ca)"": ""false"", ""route-zoom(cc, ca)"": ""false"", ""route-zoom(ca, cb)"": ""false"", ""route-zoom(cb, cb)"": ""false"", ""route-zoom(ca, cc)"": ""false"", ""route-zoom(cc, cc)"": ""false"", ""fuel-level(a1, l0)"": ""false"", ""next(l0, l0)"": ""false"", ""next(l1, l0)"": ""false"", ""next(l2, l0)"": ""false"", ""next(l3, l0)"": ""false"", ""next(l4, l0)"": ""false"", ""next(l1, l1)"": ""false"", ""next(l2, l1)"": ""false"", ""next(l3, l1)"": ""false"", ""next(l4, l1)"": ""false"", ""next(l0, l2)"": ""false"", ""next(l2, l2)"": ""false"", ""next(l3, l2)"": ""false"", ""next(l4, l2)"": ""false"", ""next(l0, l3)"": ""false"", ""next(l1, l3)"": ""false"", ""next(l3, l3)"": ""false"", ""next(l4, l3)"": ""false"", ""next(l0, l4)"": ""false"", ""next(l1, l4)"": ""false"", ""next(l2, l4)"": ""false"", ""next(l4, l4)"": ""false""}";refuel;"[""a1"", ""cb"", ""l2"", ""l3""]";True;"{""fuel-level(a1, l3)"": ""true"", ""fuel-level(a1, l2)"": ""false"", ""at-aircraft(a1, cc)"": ""false"", ""at-aircraft(a1, cb)"": ""true"", ""fuel-level(a1, l4)"": ""false"", ""fuel-level(a1, l1)"": ""false"", ""in(p2, a1)"": ""false"", ""at-person(p2, cc)"": ""true"", ""at-person(p2, cb)"": ""false"", ""at-aircraft(a1, ca)"": ""false"", ""in(p1, a1)"": ""false"", ""at-person(p1, ca)"": ""true"", ""next(l0, l1)"": ""true"", ""next(l1, l2)"": ""true"", ""next(l2, l3)"": ""true"", ""next(l3, l4)"": ""true"", ""route-fly(ca, cb)"": ""true"", ""route-fly(cb, ca)"": ""true"", ""route-zoom(cb, cc)"": ""true"", ""route-zoom(cc, cb)"": ""true"", ""at-person(p2, ca)"": ""false"", ""at-person(p1, cb)"": ""false"", ""at-person(p1, cc)"": ""false"", ""route-fly(ca, ca)"": ""false"", ""route-fly(cc, ca)"": ""false"", ""route-fly(cb, cb)"": ""false"", ""route-fly(cc, cb)"": ""false"", ""route-fly(ca, cc)"": ""false"", ""route-fly(cb, cc)"": ""false"", ""route-fly(cc, cc)"": ""false"", ""route-zoom(ca, ca)"": ""false"", ""route-zoom(cb, ca)"": ""false"", ""route-zoom(cc, ca)"": ""false"", ""route-zoom(ca, cb)"": ""false"", ""route-zoom(cb, cb)"": ""false"", ""route-zoom(ca, cc)"": ""false"", ""route-zoom(cc, cc)"": ""false"", ""fuel-level(a1, l0)"": ""false"", ""next(l0, l0)"": ""false"", ""next(l1, l0)"": ""false"", ""next(l2, l0)"": ""false"", ""next(l3, l0)"": ""false"", ""next(l4, l0)"": ""false"", ""next(l1, l1)"": ""false"", ""next(l2, l1)"": ""false"", ""next(l3, l1)"": ""false"", ""next(l4, l1)"": ""false"", ""next(l0, l2)"": ""false"", ""next(l2, l2)"": ""false"", ""next(l3, l2)"": ""false"", ""next(l4, l2)"": ""false"", ""next(l0, l3)"": ""false"", ""next(l1, l3)"": ""false"", ""next(l3, l3)"": ""false"", ""next(l4, l3)"": ""false"", ""next(l0, l4)"": ""false"", ""next(l1, l4)"": ""false"", ""next(l2, l4)"": ""false"", ""next(l4, l4)"": ""false""}"
"{""at-aircraft(a1, cc)"": ""false"", ""at-aircraft(a1, cb)"": ""true"", ""fuel-level(a1, l4)"": ""false"", ""fuel-level(a1, l2)"": ""true"", ""fuel-level(a1, l3)"": ""false"", ""fuel-level(a1, l1)"": ""false"", ""in(p2, a1)"": ""false"", ""at-person(p2, cc)"": ""true"", ""at-person(p2, cb)"": ""false"", ""at-aircraft(a1, ca)"": ""false"", ""in(p1, a1)"": ""false"", ""at-person(p1, ca)"": ""true"", ""next(l0, l1)"": ""true"", ""next(l1, l2)"": ""true"", ""next(l2, l3)"": ""true"", ""next(l3, l4)"": ""true"", ""route-fly(ca, cb)"": ""true"", ""route-fly(cb, ca)"": ""true"", ""route-zoom(cb, cc)"": ""true"", ""route-zoom(cc, cb)"": ""true"", ""at-person(p2, ca)"": ""false"", ""at-person(p1, cb)"": ""false"", ""at-person(p1, cc)"": ""false"", ""route-fly(ca, ca)"": ""false"", ""route-fly(cc, ca)"": ""false"", ""route-fly(cb, cb)"": ""false"", ""route-fly(cc, cb)"": ""false"", ""route-fly(ca, cc)"": ""false"", ""route-fly(cb, cc)"": ""false"", ""route-fly(cc, cc)"": ""false"", ""route-zoom(ca, ca)"": ""false"", ""route-zoom(cb, ca)"": ""false"", ""route-zoom(cc, ca)"": ""false"", ""route-zoom(ca, cb)"": ""false"", ""route-zoom(cb, cb)"": ""false"", ""route-zoom(ca, cc)"": ""false"", ""route-zoom(cc, cc)"": ""false"", ""fuel-level(a1, l0)"": ""false"", ""next(l0, l0)"": ""false"", ""next(l1, l0)"": ""false"", ""next(l2, l0)"": ""false"", ""next(l3, l0)"": ""false"", ""next(l4, l0)"": ""false"", ""next(l1, l1)"": ""false"", ""next(l2, l1)"": ""false"", ""next(l3, l1)"": ""false"", ""next(l4, l1)"": ""false"", ""next(l0, l2)"": ""false"", ""next(l2, l2)"": ""false"", ""next(l3, l2)"": ""false"", ""next(l4, l2)"": ""false"", ""next(l0, l3)"": ""false"", ""next(l1, l3)"": ""false"", ""next(l3, l3)"": ""false"", ""next(l4, l3)"": ""false"", ""next(l0, l4)"": ""false"", ""next(l1, l4)"": ""false"", ""next(l2, l4)"": ""false"", ""next(l4, l4)"": ""false""}";zoom;"[""a1"", ""cc"", ""cb"", ""l0"", ""l1"", ""l4""]";False;None
"{""at-aircraft(a1, cc)"": ""false"", ""at-aircraft(a1, cb)"": ""true"", ""fuel-level(a1, l4)"": ""false"", ""fuel-level(a1, l2)"": ""true"", ""fuel-level(a1, l3)"": ""false"", ""fuel-level(a1, l1)"": ""false"", ""in(p2, a1)"": ""false"", ""at-person(p2, cc)"": ""true"", ""at-person(p2, cb)"": ""false"", ""at-aircraft(a1, ca)"": ""false"", ""in(p1, a1)"": ""false"", ""at-person(p1, ca)"": ""true"", ""next(l0, l1)"": ""true"", ""next(l1, l2)"": ""true"", ""next(l2, l3)"": ""true"", ""next(l3, l4)"": ""true"", ""route-fly(ca, cb)"": ""true"", ""route-fly(cb, ca)"": ""true"", ""route-zoom(cb, cc)"": ""true"", ""route-zoom(cc, cb)"": ""true"", ""at-person(p2, ca)"": ""false"", ""at-person(p1, cb)"": ""false"", ""at-person(p1, cc)"": ""false"", ""route-fly(ca, ca)"": ""false"", ""route-fly(cc, ca)"": ""false"", ""route-fly(cb, cb)"": ""false"", ""route-fly(cc, cb)"": ""false"", ""route-fly(ca, cc)"": ""false"", ""route-fly(cb, cc)"": ""false"", ""route-fly(cc, cc)"": ""false"", ""route-zoom(ca, ca)"": ""false"", ""route-zoom(cb, ca)"": ""false"", ""route-zoom(cc, ca)"": ""false"", ""route-zoom(ca, cb)"": ""false"", ""route-zoom(cb, cb)"": ""false"", ""route-zoom(ca, cc)"": ""false"", ""route-zoom(cc, cc)"": ""false"", ""fuel-level(a1, l0)"": ""false"", ""next(l0, l0)"": ""false"", ""next(l1, l0)"": ""false"", ""next(l2, l0)"": ""false"", ""next(l3, l0)"": ""false"", ""next(l4, l0)"": ""false"", ""next(l1, l1)"": ""false"", ""next(l2, l1)"": ""false"", ""next(l3, l1)"": ""false"", ""next(l4, l1)"": ""false"", ""next(l0, l2)"": ""false"", ""next(l2, l2)"": ""false"", ""next(l3, l2)"": ""false"", ""next(l4, l2)"": ""false"", ""next(l0, l3)"": ""false"", ""next(l1, l3)"": ""false"", ""next(l3, l3)"": ""false"", ""next(l4, l3)"": ""false"", ""next(l0, l4)"": ""false"", ""next(l1, l4)"": ""false"", ""next(l2, l4)"": ""false"", ""next(l4, l4)"": ""false""}";zoom;"[""a1"", ""cb"", ""cc"", ""l1"", ""l0"", ""l4""]";False;None
"{""fuel-level(a1, l3)"": ""true"", ""fuel-level(a1, l2)"": ""false"", ""at-aircraft(a1, cc)"": ""false"", ""at-aircraft(a1, cb)"": ""true"", ""fuel-level(a1, l4)"": ""false"", ""fuel-level(a1, l1)"": ""false"", ""in(p2, a1)"": ""false"", ""at-person(p2, cc)"": ""true"", ""at-person(p2, cb)"": ""false"", ""at-aircraft(a1, ca)"": ""false"", ""in(p1, a1)"": ""false"", ""at-person(p1, ca)"": ""true"", ""next(l0, l1)"": ""true"", ""next(l1, l2)"": ""true"", ""next(l2, l3)"": ""true"", ""next(l3, l4)"": ""true"", ""route-fly(ca, cb)"": ""true"", ""route-fly(cb, ca)"": ""true"", ""route-zoom(cb, cc)"": ""true"", ""route-zoom(cc, cb)"": ""true"", ""at-person(p2, ca)"": ""false"", ""at-person(p1, cb)"": ""false"", ""at-person(p1, cc)"": ""false"", ""route-fly(ca, ca)"": ""false"", ""route-fly(cc, ca)"": ""false"", ""route-fly(cb, cb)"": ""false"", ""route-fly(cc, cb)"": ""false"", ""route-fly(ca, cc)"": ""false"", ""route-fly(cb, cc)"": ""false"", ""route-fly(cc, cc)"": ""false"", ""route-zoom(ca, ca)"": ""false"", ""route-zoom(cb, ca)"": ""false"", ""route-zoom(cc, ca)"": ""false"", ""route-zoom(ca, cb)"": ""false"", ""route-zoom(cb, cb)"": ""false"", ""route-zoom(ca, cc)"": ""false"", ""route-zoom(cc, cc)"": ""false"", ""fuel-level(a1, l0)"": ""false"", ""next(l0, l0)"": ""false"", ""next(l1, l0)"": ""false"", ""next(l2, l0)"": ""false"", ""next(l3, l0)"": ""false"", ""next(l4, l0)"": ""false"", ""next(l1, l1)"": ""false"", ""next(l2, l1)"": ""false"", ""next(l3, l1)"": ""false"", ""next(l4, l1)"": ""false"", ""next(l0, l2)"": ""false"", ""next(l2, l2)"": ""false"", ""next(l3, l2)"": ""false"", ""next(l4, l2)"": ""false"", ""next(l0, l3)"": ""false"", ""next(l1, l3)"": ""false"", ""next(l3, l3)"": ""false"", ""next(l4, l3)"": ""false"", ""next(l0, l4)"": ""false"", ""next(l1, l4)"": ""false"", ""next(l2, l4)"": ""false"", ""next(l4, l4)"": ""false""}";fly;"[""a1"", ""cb"", ""ca"", ""l3"", ""l2""]";True;"{""at-aircraft(a1, cb)"": ""false"", ""at-aircraft(a1, ca)"": ""true"", ""fuel-level(a1, l3)"": ""false"", ""fuel-level(a1, l2)"": ""true"", ""at-aircraft(a1, cc)"": ""false"", ""fuel-level(a1, l4)"": ""false"", ""fuel-level(a1, l1)"": ""false"", ""in(p2, a1)"": ""false"", ""at-person(p2, cc)"": ""true"", ""at-person(p2, cb)"": ""false"", ""in(p1, a1)"": ""false"", ""at-person(p1, ca)"": ""true"", ""next(l0, l1)"": ""true"", ""next(l1, l2)"": ""true"", ""next(l2, l3)"": ""true"", ""next(l3, l4)"": ""true"", ""route-fly(ca, cb)"": ""true"", ""route-fly(cb, ca)"": ""true"", ""route-zoom(cb, cc)"": ""true"", ""route-zoom(cc, cb)"": ""true"", ""at-person(p2, ca)"": ""false"", ""at-person(p1, cb)"": ""false"", ""at-person(p1, cc)"": ""false"", ""route-fly(ca, ca)"": ""false"", ""route-fly(cc, ca)"": ""false"", ""route-fly(cb, cb)"": ""false"", ""route-fly(cc, cb)"": ""false"", ""route-fly(ca, cc)"": ""false"", ""route-fly(cb, cc)"": ""false"", ""route-fly(cc, cc)"": ""false"", ""route-zoom(ca, ca)"": ""false"", ""route-zoom(cb, ca)"": ""false"", ""route-zoom(cc, ca)"": ""false"", ""route-zoom(ca, cb)"": ""false"", ""route-zoom(cb, cb)"": ""false"", ""route-zoom(ca, cc)"": ""false"", ""route-zoom(cc, cc)"": ""false"", ""fuel-level(a1, l0)"": ""false"", ""next(l0, l0)"": ""false"", ""next(l1, l0)"": ""false"", ""next(l2, l0)"": ""false"", ""next(l3, l0)"": ""false"", ""next(l4, l0)"": ""false"", ""next(l1, l1)"": ""false"", ""next(l2, l1)"": ""false"", ""next(l3, l1)"": ""false"", ""next(l4, l1)"": ""false"", ""next(l0, l2)"": ""false"", ""next(l2, l2)"": ""false"", ""next(l3, l2)"": ""false"", ""next(l4, l2)"": ""false"", ""next(l0, l3)"": ""false"", ""next(l1, l3)"": ""false"", ""next(l3, l3)"": ""false"", ""next(l4, l3)"": ""false"", ""next(l0, l4)"": ""false"", ""next(l1, l4)"": ""false"", ""next(l2, l4)"": ""false"", ""next(l4, l4)"": ""false""}"
"{""fuel-level(a1, l3)"": ""true"", ""fuel-level(a1, l2)"": ""false"", ""at-aircraft(a1, cc)"": ""false"", ""at-aircraft(a1, cb)"": ""true"", ""fuel-level(a1, l4)"": ""false"", ""fuel-level(a1, l1)"": ""false"", ""in(p2, a1)"": ""false"", ""at-person(p2, cc)"": ""true"", ""at-person(p2, cb)"": ""false"", ""at-aircraft(a1, ca)"": ""false"", ""in(p1, a1)"": ""false"", ""at-person(p1, ca)"": ""true"", ""next(l0, l1)"": ""true"", ""next(l1, l2)"": ""true"", ""next(l2, l3)"": ""true"", ""next(l3, l4)"": ""true"", ""route-fly(ca, cb)"": ""true"", ""route-fly(cb, ca)"": ""true"", ""route-zoom(cb, cc)"": ""true"", ""route-zoom(cc, cb)"": ""true"", ""at-person(p2, ca)"": ""false"", ""at-person(p1, cb)"": ""false"", ""at-person(p1, cc)"": ""false"", ""route-fly(ca, ca)"": ""false"", ""route-fly(cc, ca)"": ""false"", ""route-fly(cb, cb)"": ""false"", ""route-fly(cc, cb)"": ""false"", ""route-fly(ca, cc)"": ""false"", ""route-fly(cb, cc)"": ""false"", ""route-fly(cc, cc)"": ""false"", ""route-zoom(ca, ca)"": ""false"", ""route-zoom(cb, ca)"": ""false"", ""route-zoom(cc, ca)"": ""false"", ""route-zoom(ca, cb)"": ""false"", ""route-zoom(cb, cb)"": ""false"", ""route-zoom(ca, cc)"": ""false"", ""route-zoom(cc, cc)"": ""false"", ""fuel-level(a1, l0)"": ""false"", ""next(l0, l0)"": ""false"", ""next(l1, l0)"": ""false"", ""next(l2, l0)"": ""false"", ""next(l3, l0)"": ""false"", ""next(l4, l0)"": ""false"", ""next(l1, l1)"": ""false"", ""next(l2, l1)"": ""false"", ""next(l3, l1)"": ""false"", ""next(l4, l1)"": ""false"", ""next(l0, l2)"": ""false"", ""next(l2, l2)"": ""false"", ""next(l3, l2)"": ""false"", ""next(l4, l2)"": ""false"", ""next(l0, l3)"": ""false"", ""next(l1, l3)"": ""false"", ""next(l3, l3)"": ""false"", ""next(l4, l3)"": ""false"", ""next(l0, l4)"": ""false"", ""next(l1, l4)"": ""false"", ""next(l2, l4)"": ""false"", ""next(l4, l4)"": ""false""}";refuel;"[""a1"", ""ca"", ""l0"", ""l2""]";False;None
"{""fuel-level(a1, l3)"": ""true"", ""fuel-level(a1, l2)"": ""false"", ""at-aircraft(a1, cc)"": ""false"", ""at-aircraft(a1, cb)"": ""true"", ""fuel-level(a1, l4)"": ""false"", ""fuel-level(a1, l1)"": ""false"", ""in(p2, a1)"": ""false"", ""at-person(p2, cc)"": ""true"", ""at-person(p2, cb)"": ""false"", ""at-aircraft(a1, ca)"": ""false"", ""in(p1, a1)"": ""false"", ""at-person(p1, ca)"": ""true"", ""next(l0, l1)"": ""true"", ""next(l1, l2)"": ""true"", ""next(l2, l3)"": ""true"", ""next(l3, l4)"": ""true"", ""route-fly(ca, cb)"": ""true"", ""route-fly(cb, ca)"": ""true"", ""route-zoom(cb, cc)"": ""true"", ""route-zoom(cc, cb)"": ""true"", ""at-person(p2, ca)"": ""false"", ""at-person(p1, cb)"": ""false"", ""at-person(p1, cc)"": ""false"", ""route-fly(ca, ca)"": ""false"", ""route-fly(cc, ca)"": ""false"", ""route-fly(cb, cb)"": ""false"", ""route-fly(cc, cb)"": ""false"", ""route-fly(ca, cc)"": ""false"", ""route-fly(cb, cc)"": ""false"", ""route-fly(cc, cc)"": ""false"", ""route-zoom(ca, ca)"": ""false"", ""route-zoom(cb, ca)"": ""false"", ""route-zoom(cc, ca)"": ""false"", ""route-zoom(ca, cb)"": ""false"", ""route-zoom(cb, cb)"": ""false"", ""route-zoom(ca, cc)"": ""false"", ""route-zoom(cc, cc)"": ""false"", ""fuel-level(a1, l0)"": ""false"", ""next(l0, l0)"": ""false"", ""next(l1, l0)"": ""false"", ""next(l2, l0)"": ""false"", ""next(l3, l0)"": ""false"", ""next(l4, l0)"": ""false"", ""next(l1, l1)"": ""false"", ""next(l2, l1)"": ""false"", ""next(l3, l1)"": ""false"", ""next(l4, l1)"": ""false"", ""next(l0, l2)"": ""false"", ""next(l2, l2)"": ""false"", ""next(l3, l2)"": ""false"", ""next(l4, l2)"": ""false"", ""next(l0, l3)"": ""false"", ""next(l1, l3)"": ""false"", ""next(l3, l3)"": ""false"", ""next(l4, l3)"": ""false"", ""next(l0, l4)"": ""false"", ""next(l1, l4)"": ""false"", ""next(l2, l4)"": ""false"", ""next(l4, l4)"": ""false""}";zoom;"[""a1"", ""cc"", ""cb"", ""l0"", ""l1"", ""l3""]";False;None
"{""at-aircraft(a1, cb)"": ""false"", ""at-aircraft(a1, ca)"": ""true"", ""fuel-level(a1, l3)"": ""false"", ""fuel-level(a1, l2)"": ""true"", ""at-aircraft(a1, cc)"": ""false"", ""fuel-level(a1, l4)"": ""false"", ""fuel-level(a1, l1)"": ""false"", ""in(p2, a1)"": ""false"", ""at-person(p2, cc)"": ""true"", ""at-person(p2, cb)"": ""false"", ""in(p1, a1)"": ""false"", ""at-person(p1, ca)"": ""true"", ""next(l0, l1)"": ""true"", ""next(l1, l2)"": ""true"", ""next(l2, l3)"": ""true"", ""next(l3, l4)"": ""true"", ""route-fly(ca, cb)"": ""true"", ""route-fly(cb, ca)"": ""true"", ""route-zoom(cb, cc)"": ""true"", ""route-zoom(cc, cb)"": ""true"", ""at-person(p2, ca)"": ""false"", ""at-person(p1, cb)"": ""false"", ""at-person(p1, cc)"": ""false"", ""route-fly(ca, ca)"": ""false"", ""route-fly(cc, ca)"": ""false"", ""route-fly(cb, cb)"": ""false"", ""route-fly(cc, cb)"": ""false"", ""route-fly(ca, cc)"": ""false"", ""route-fly(cb, cc)"": ""false"", ""route-fly(cc, cc)"": ""false"", ""route-zoom(ca, ca)"": ""false"", ""route-zoom(cb, ca)"": ""false"", ""route-zoom(cc, ca)"": ""false"", ""route-zoom(ca, cb)"": ""false"", ""route-zoom(cb, cb)"": ""false"", ""route-zoom(ca, cc)"": ""false"", ""route-zoom(cc, cc)"": ""false"", ""fuel-level(a1, l0)"": ""false"", ""next(l0, l0)"": ""false"", ""next(l1, l0)"": ""false"", ""next(l2, l0)"": ""false"", ""next(l3, l0)"": ""false"", ""next(l4, l0)"": ""false"", ""next(l1, l1)"": ""false"", ""next(l2, l1)"": ""false"", ""next(l3, l1)"": ""false"", ""next(l4, l1)"": ""false"", ""next(l0, l2)"": ""false"", ""next(l2, l2)"": ""false"", ""next(l3, l2)"": ""false"", ""next(l4, l2)"": ""false"", ""next(l0, l3)"": ""false"", ""next(l1, l3)"": ""false"", ""next(l3, l3)"": ""false"", ""next(l4, l3)"": ""false"", ""next(l0, l4)"": ""false"", ""next(l1, l4)"": ""false"", ""next(l2, l4)"": ""false"", ""next(l4, l4)"": ""false""}";board;"[""p1"", ""a1"", ""ca""]";True;"{""at-person(p1, ca)"": ""false"", ""in(p1, a1)"": ""true"", ""at-aircraft(a1, cb)"": ""false"", ""at-aircraft(a1, ca)"": ""true"", ""fuel-level(a1, l3)"": ""false"", ""fuel-level(a1, l2)"": ""true"", ""at-aircraft(a1, cc)"": ""false"", ""fuel-level(a1, l4)"": ""false"", ""fuel-level(a1, l1)"": ""false"", ""in(p2, a1)"": ""false"", ""at-person(p2, cc)"": ""true"", ""at-person(p2, cb)"": ""false"", ""next(l0, l1)"": ""true"", ""next(l1, l2)"": ""true"", ""next(l2, l3)"": ""true"", ""next(l3, l4)"": ""true"", ""route-fly(ca, cb)"": ""true"", ""route-fly(cb, ca)"": ""true"", ""route-zoom(cb, cc)"": ""true"", ""route-zoom(cc, cb)"": ""true"", ""at-person(p2, ca)"": ""false"", ""at-person(p1, cb)"": ""false"", ""at-person(p1, cc)"": ""false"", ""route-fly(ca, ca)"": ""false"", ""route-fly(cc, ca)"": ""false"", ""route-fly(cb, cb)"": ""false"", ""route-fly(cc, cb)"": ""false"", ""route-fly(ca, cc)"": ""false"", ""route-fly(cb, cc)"": ""false"", ""route-fly(cc, cc)"": ""false"", ""route-zoom(ca, ca)"": ""false"", ""route-zoom(cb, ca)"": ""false"", ""route-zoom(cc, ca)"": ""false"", ""route-zoom(ca, cb)"": ""false"", ""route-zoom(cb, cb)"": ""false"", ""route-zoom(ca, cc)"": ""false"", ""route-zoom(cc, cc)"": ""false"", ""fuel-level(a1, l0)"": ""false"", ""next(l0, l0)"": ""false"", ""next(l1, l0)"": ""false"", ""next(l2, l0)"": ""false"", ""next(l3, l0)"": ""false"", ""next(l4, l0)"": ""false"", ""next(l1, l1)"": ""false"", ""next(l2, l1)"": ""false"", ""next(l3, l1)"": ""false"", ""next(l4, l1)"": ""false"", ""next(l0, l2)"": ""false"", ""next(l2, l2)"": ""false"", ""next(l3, l2)"": ""false"", ""next(l4, l2)"": ""false"", ""next(l0, l3)"": ""false"", ""next(l1, l3)"": ""false"", ""next(l3, l3)"": ""false"", ""next(l4, l3)"": ""false"", ""next(l0, l4)"": ""false"", ""next(l1, l4)"": ""false"", ""next(l2, l4)"": ""false"", ""next(l4, l4)"": ""false""}"
"{""at-aircraft(a1, cb)"": ""false"", ""at-aircraft(a1, ca)"": ""true"", ""fuel-level(a1, l3)"": ""false"", ""fuel-level(a1, l2)"": ""true"", ""at-aircraft(a1, cc)"": ""false"", ""fuel-level(a1, l4)"": ""false"", ""fuel-level(a1, l1)"": ""false"", ""in(p2, a1)"": ""false"", ""at-person(p2, cc)"": ""true"", ""at-person(p2, cb)"": ""false"", ""in(p1, a1)"": ""false"", ""at-person(p1, ca)"": ""true"", ""next(l0, l1)"": ""true"", ""next(l1, l2)"": ""true"", ""next(l2, l3)"": ""true"", ""next(l3, l4)"": ""true"", ""route-fly(ca, cb)"": ""true"", ""route-fly(cb, ca)"": ""true"", ""route-zoom(cb, cc)"": ""true"", ""route-zoom(cc, cb)"": ""true"", ""at-person(p2, ca)"": ""false"", ""at-person(p1, cb)"": ""false"", ""at-person(p1, cc)"": ""false"", ""route-fly(ca, ca)"": ""false"", ""route-fly(cc, ca)"": ""false"", ""route-fly(cb, cb)"": ""false"", ""route-fly(cc, cb)"": ""false"", ""route-fly(ca, cc)"": ""false"", ""route-fly(cb, cc)"": ""false"", ""route-fly(cc, cc)"": ""false"", ""route-zoom(ca, ca)"": ""false"", ""route-zoom(cb, ca)"": ""false"", ""route-zoom(cc, ca)"": ""false"", ""route-zoom(ca, cb)"": ""false"", ""route-zoom(cb, cb)"": ""false"", ""route-zoom(ca, cc)"": ""false"", ""route-zoom(cc, cc)"": ""false"", ""fuel-level(a1, l0)"": ""false"", ""next(l0, l0)"": ""false"", ""next(l1, l0)"": ""false"", ""next(l2, l0)"": ""false"", ""next(l3, l0)"": ""false"", ""next(l4, l0)"": ""false"", ""next(l1, l1)"": ""false"", ""next(l2, l1)"": ""false"", ""next(l3, l1)"": ""false"", ""next(l4, l1)"": ""false"", ""next(l0, l2)"": ""false"", ""next(l2, l2)"": ""false"", ""next(l3, l2)"": ""false"", ""next(l4, l2)"": ""false"", ""next(l0, l3)"": ""false"", ""next(l1, l3)"": ""false"", ""next(l3, l3)"": ""false"", ""next(l4, l3)"": ""false"", ""next(l0, l4)"": ""false"", ""next(l1, l4)"": ""false"", ""next(l2, l4)"": ""false"", ""next(l4, l4)"": ""false""}";zoom;"[""a1"", ""ca"", ""cb"", ""l4"", ""l0"", ""l1""]";False;None
"{""at-aircraft(a1, cb)"": ""false"", ""at-aircraft(a1, ca)"": ""true"", ""fuel-level(a1, l3)"": ""false"", ""fuel-level(a1, l2)"": ""true"", ""at-aircraft(a1, cc)"": ""false"", ""fuel-level(a1, l4)"": ""false"", ""fuel-level(a1, l1)"": ""false"", ""in(p2, a1)"": ""false"", ""at-person(p2, cc)"": ""true"", ""at-person(p2, cb)"": ""false"", ""in(p1, a1)"": ""false"", ""at-person(p1, ca)"": ""true"", ""next(l0, l1)"": ""true"", ""next(l1, l2)"": ""true"", ""next(l2, l3)"": ""true"", ""next(l3, l4)"": ""true"", ""route-fly(ca, cb)"": ""true"", ""route-fly(cb, ca)"": ""true"", ""route-zoom(cb, cc)"": ""true"", ""route-zoom(cc, cb)"": ""true"", ""at-person(p2, ca)"": ""false"", ""at-person(p1, cb)"": ""false"", ""at-person(p1, cc)"": ""false"", ""route-fly(ca, ca)"": ""false"", ""route-fly(cc, ca)"": ""false"", ""route-fly(cb, cb)"": ""false"", ""route-fly(cc, cb)"": ""false"", ""route-fly(ca, cc)"": ""false"", ""route-fly(cb, cc)"": ""false"", ""route-fly(cc, cc)"": ""false"", ""route-zoom(ca, ca)"": ""false"", ""route-zoom(cb, ca)"": ""false"", ""route-zoom(cc, ca)"": ""false"", ""route-zoom(ca, cb)"": ""false"", ""route-zoom(cb, cb)"": ""false"", ""route-zoom(ca, cc)"": ""false"", ""route-zoom(cc, cc)"": ""false"", ""fuel-level(a1, l0)"": ""false"", ""next(l0, l0)"": ""false"", ""next(l1, l0)"": ""false"", ""next(l2, l0)"": ""false"", ""next(l3, l0)"": ""false"", ""next(l4, l0)"": ""false"", ""next(l1, l1)"": ""false"", ""next(l2, l1)"": ""false"", ""next(l3, l1)"": ""false"", ""next(l4, l1)"": ""false"", ""next(l0, l2)"": ""false"", ""next(l2, l2)"": ""false"", ""next(l3, l2)"": ""false"", ""next(l4, l2)"": ""false"", ""next(l0, l3)"": ""false"", ""next(l1, l3)"": ""false"", ""next(l3, l3)"": ""false"", ""next(l4, l3)"": ""false"", ""next(l0, l4)"": ""false"", ""next(l1, l4)"": ""false"", ""next(l2, l4)"": ""false"", ""next(l4, l4)"": ""false""}";zoom;"[""a1"", ""ca"", ""cb"", ""l2"", ""l1"", ""l4""]";False;None
"{""at-person(p1, ca)"": ""false"", ""in(p1, a1)"": ""true"", ""at-aircraft(a1, cb)"": ""false"", ""at-aircraft(a1, ca)"": ""true"", ""fuel-level(a1, l3)"": ""false"", ""fuel-level(a1, l2)"": ""true"", ""at-aircraft(a1, cc)"": ""false"", ""fuel-level(a1, l4)"": ""false"", ""fuel-level(a1, l1)"": ""false"", ""in(p2, a1)"": ""false"", ""at-person(p2, cc)"": ""true"", ""at-person(p2, cb)"": ""false"", ""next(l0, l1)"": ""true"", ""next(l1, l2)"": ""true"", ""next(l2, l3)"": ""true"", ""next(l3, l4)"": ""true"", ""route-fly(ca, cb)"": ""true"", ""route-fly(cb, ca)"": ""true"", ""route-zoom(cb, cc)"": ""true"", ""route-zoom(cc, cb)"": ""true"", ""at-person(p2, ca)"": ""false"", ""at-person(p1, cb)"": ""false"", ""at-person(p1, cc)"": ""false"", ""route-fly(ca, ca)"": ""false"", ""route-fly(cc, ca)"": ""false"", ""route-fly(cb, cb)"": ""false"", ""route-fly(cc, cb)"": ""false"", ""route-fly(ca, cc)"": ""false"", ""route-fly(cb, cc)"": ""false"", ""route-fly(cc, cc)"": ""false"", ""route-zoom(ca, ca)"": ""false"", ""route-zoom(cb, ca)"": ""false"", ""route-zoom(cc, ca)"": ""false"", ""route-zoom(ca, cb)"": ""false"", ""route-zoom(cb, cb)"": ""false"", ""route-zoom(ca, cc)"": ""false"", ""route-zoom(cc, cc)"": ""false"", ""fuel-level(a1, l0)"": ""false"", ""next(l0, l0)"": ""false"", ""next(l1, l0)"": ""false"", ""next(l2, l0)"": ""false"", ""next(l3, l0)"": ""false"", ""next(l4, l0)"": ""false"", ""next(l1, l1)"": ""false"", ""next(l2, l1)"": ""false"", ""next(l3, l1)"": ""false"", ""next(l4, l1)"": ""false"", ""next(l0, l2)"": ""false"", ""next(l2, l2)"": ""false"", ""next(l3, l2)"": ""false"", ""next(l4, l2)"": ""false"", ""next(l0, l3)"": ""false"", ""next(l1, l3)"": ""false"", ""next(l3, l3)"": ""false"", ""next(l4, l3)"": ""false"", ""next(l0, l4)"": ""false"", ""next(l1, l4)"": ""false"", ""next(l2, l4)"": ""false"", ""next(l4, l4)"": ""false""}";fly;"[""a1"", ""ca"", ""cb"", ""l2"", ""l1""]";True;"{""at-aircraft(a1, ca)"": ""false"", ""at-aircraft(a1, cb)"": ""true"", ""fuel-level(a1, l2)"": ""false"", ""fuel-level(a1, l1)"": ""true"", ""at-person(p1, ca)"": ""false"", ""in(p1, a1)"": ""true"", ""fuel-level(a1, l3)"": ""false"", ""at-aircraft(a1, cc)"": ""false"", ""fuel-level(a1, l4)"": ""false"", ""in(p2, a1)"": ""false"", ""at-person(p2, cc)"": ""true"", ""at-person(p2, cb)"": ""false"", ""next(l0, l1)"": ""true"", ""next(l1, l2)"": ""true"", ""next(l2, l3)"": ""true"", ""next(l3, l4)"": ""true"", ""route-fly(ca, cb)"": ""true"", ""route-fly(cb, ca)"": ""true"", ""route-zoom(cb, cc)"": ""true"", ""route-zoom(cc, cb)"": ""true"", ""at-person(p2, ca)"": ""false"", ""at-person(p1, cb)"": ""false"", ""at-person(p1, cc)"": ""false"", ""route-fly(ca, ca)"": ""false"", ""route-fly(cc, ca)"": ""false"", ""route-fly(cb, cb)"": ""false"", ""route-fly(cc, cb)"": ""false"", ""route-fly(ca, cc)"": ""false"", ""route-fly(cb, cc)"": ""false"", ""route-fly(cc, cc)"": ""false"", ""route-zoom(ca, ca)"": ""false"", ""route-zoom(cb, ca)"": ""false"", ""route-zoom(cc, ca)"": ""false"", ""route-zoom(ca, cb)"": ""false"", ""route-zoom(cb, cb)"": ""false"", ""route-zoom(ca, cc)"": ""false"", ""route-zoom(cc, cc)"": ""false"", ""fuel-level(a1, l0)"": ""false"", ""next(l0, l0)"": ""false"", ""next(l1, l0)"": ""false"", ""next(l2, l0)"": ""false"", ""next(l3, l0)"": ""false"", ""next(l4, l0)"": ""false"", ""next(l1, l1)"": ""false"", ""next(l2, l1)"": ""false"", ""next(l3, l1)"": ""false"", ""next(l4, l1)"": ""false"", ""next(l0, l2)"": ""false"", ""next(l2, l2)"": ""false"", ""next(l3, l2)"": ""false"", ""next(l4, l2)"": ""false"", ""next(l0, l3)"": ""false"", ""next(l1, l3)"": ""false"", ""next(l3, l3)"": ""false"", ""next(l4, l3)"": ""false"", ""next(l0, l4)"": ""false"", ""next(l1, l4)"": ""false"", ""next(l2, l4)"": ""false"", ""next(l4, l4)"": ""false""}"
"{""at-person(p1, ca)"": ""false"", ""in(p1, a1)"": ""true"", ""at-aircraft(a1, cb)"": ""false"", ""at-aircraft(a1, ca)"": ""true"", ""fuel-level(a1, l3)"": ""false"", ""fuel-level(a1, l2)"": ""true"", ""at-aircraft(a1, cc)"": ""false"", ""fuel-level(a1, l4)"": ""false"", ""fuel-level(a1, l1)"": ""false"", ""in(p2, a1)"": ""false"", ""at-person(p2, cc)"": ""true"", ""at-person(p2, cb)"": ""false"", ""next(l0, l1)"": ""true"", ""next(l1, l2)"": ""true"", ""next(l2, l3)"": ""true"", ""next(l3, l4)"": ""true"", ""route-fly(ca, cb)"": ""true"", ""route-fly(cb, ca)"": ""true"", ""route-zoom(cb, cc)"": ""true"", ""route-zoom(cc, cb)"": ""true"", ""at-person(p2, ca)"": ""false"", ""at-person(p1, cb)"": ""false"", ""at-person(p1, cc)"": ""false"", ""route-fly(ca, ca)"": ""false"", ""route-fly(cc, ca)"": ""false"", ""route-fly(cb, cb)"": ""false"", ""route-fly(cc, cb)"": ""false"", ""route-fly(ca, cc)"": ""false"", ""route-fly(cb, cc)"": ""false"", ""route-fly(cc, cc)"": ""false"", ""route-zoom(ca, ca)"": ""false"", ""route-zoom(cb, ca)"": ""false"", ""route-zoom(cc, ca)"": ""false"", ""route-zoom(ca, cb)"": ""false"", ""route-zoom(cb, cb)"": ""false"", ""route-zoom(ca, cc)"": ""false"", ""route-zoom(cc, cc)"": ""false"", ""fuel-level(a1, l0)"": ""false"", ""next(l0, l0)"": ""false"", ""next(l1, l0)"": ""false"", ""next(l2, l0)"": ""false"", ""next(l3, l0)"": ""false"", ""next(l4, l0)"": ""false"", ""next(l1, l1)"": ""false"", ""next(l2, l1)"": ""false"", ""next(l3, l1)"": ""false"", ""next(l4, l1)"": ""false"", ""next(l0, l2)"": ""false"", ""next(l2, l2)"": ""false"", ""next(l3, l2)"": ""false"", ""next(l4, l2)"": ""false"", ""next(l0, l3)"": ""false"", ""next(l1, l3)"": ""false"", ""next(l3, l3)"": ""false"", ""next(l4, l3)"": ""false"", ""next(l0, l4)"": ""false"", ""next(l1, l4)"": ""false"", ""next(l2, l4)"": ""false"", ""next(l4, l4)"": ""false""}";zoom;"[""a1"", ""cc"", ""cb"", ""l4"", ""l0"", ""l3""]";False;None
"{""at-person(p1, ca)"": ""false"", ""in(p1, a1)"": ""true"", ""at-aircraft(a1, cb)"": ""false"", ""at-aircraft(a1, ca)"": ""true"", ""fuel-level(a1, l3)"": ""false"", ""fuel-level(a1, l2)"": ""true"", ""at-aircraft(a1, cc)"": ""false"", ""fuel-level(a1, l4)"": ""false"", ""fuel-level(a1, l1)"": ""false"", ""in(p2, a1)"": ""false"", ""at-person(p2, cc)"": ""true"", ""at-person(p2, cb)"": ""false"", ""next(l0, l1)"": ""true"", ""next(l1, l2)"": ""true"", ""next(l2, l3)"": ""true"", ""next(l3, l4)"": ""true"", ""route-fly(ca, cb)"": ""true"", ""route-fly(cb, ca)"": ""true"", ""route-zoom(cb, cc)"": ""true"", ""route-zoom(cc, cb)"": ""true"", ""at-person(p2, ca)"": ""false"", ""at-person(p1, cb)"": ""false"", ""at-person(p1, cc)"": ""false"", ""route-fly(ca, ca)"": ""false"", ""route-fly(cc, ca)"": ""false"", ""route-fly(cb, cb)"": ""false"", ""route-fly(cc, cb)"": ""false"", ""route-fly(ca, cc)"": ""false"", ""route-fly(cb, cc)"": ""false"", ""route-fly(cc, cc)"": ""false"", ""route-zoom(ca, ca)"": ""false"", ""route-zoom(cb, ca)"": ""false"", ""route-zoom(cc, ca)"": ""false"", ""route-zoom(ca, cb)"": ""false"", ""route-zoom(cb, cb)"": ""false"", ""route-zoom(ca, cc)"": ""false"", ""route-zoom(cc, cc)"": ""false"", ""fuel-level(a1, l0)"": ""false"", ""next(l0, l0)"": ""false"", ""next(l1, l0)"": ""false"", ""next(l2, l0)"": ""false"", ""next(l3, l0)"": ""false"", ""next(l4, l0)"": ""false"", ""next(l1, l1)"": ""false"", ""next(l2, l1)"": ""false"", ""next(l3, l1)"": ""false"", ""next(l4, l1)"": ""false"", ""next(l0, l2)"": ""false"", ""next(l2, l2)"": ""false"", ""next(l3, l2)"": ""false"", ""next(l4, l2)"": ""false"", ""next(l0, l3)"": ""false"", ""next(l1, l3)"": ""false"", ""next(l3, l3)"": ""false"", ""next(l4, l3)"": ""false"", ""next(l0, l4)"": ""false"", ""next(l1, l4)"": ""false"", ""next(l2, l4)"": ""false"", ""next(l4, l4)"": ""false""}";zoom;"[""a1"", ""cc"", ""ca"", ""l0"", ""l4"", ""l2""]";False;None
"{""at-aircraft(a1, ca)"": ""false"", ""at-aircraft(a1, cb)"": ""true"", ""fuel-level(a1, l2)"": ""false"", ""fuel-level(a1, l1)"": ""true"", ""at-person(p1, ca)"": ""false"", ""in(p1, a1)"": ""true"", ""fuel-level(a1, l3)"": ""false"", ""at-aircraft(a1, cc)"": ""false"", ""fuel-level(a1, l4)"": ""false"", ""in(p2, a1)"": ""false"", ""at-person(p2, cc)"": ""true"", ""at-person(p2, cb)"": ""false"", ""next(l0, l1)"": ""true"", ""next(l1, l2)"": ""true"", ""next(l2, l3)"": ""true"", ""next(l3, l4)"": ""true"", ""route-fly(ca, cb)"": ""true"", ""route-fly(cb, ca)"": ""true"", ""route-zoom(cb, cc)"": ""true"", ""route-zoom(cc, cb)"": ""true"", ""at-person(p2, ca)"": ""false"", ""at-person(p1, cb)"": ""false"", ""at-person(p1, cc)"": ""false"", ""route-fly(ca, ca)"": ""false"", ""route-fly(cc, ca)"": ""false"", ""route-fly(cb, cb)"": ""false"", ""route-fly(cc, cb)"": ""false"", ""route-fly(ca, cc)"": ""false"", ""route-fly(cb, cc)"": ""false"", ""route-fly(cc, cc)"": ""false"", ""route-zoom(ca, ca)"": ""false"", ""route-zoom(cb, ca)"": ""false"", ""route-zoom(cc, ca)"": ""false"", ""route-zoom(ca, cb)"": ""false"", ""route-zoom(cb, cb)"": ""false"", ""route-zoom(ca, cc)"": ""false"", ""route-zoom(cc, cc)"": ""false"", ""fuel-level(a1, l0)"": ""false"", ""next(l0, l0)"": ""false"", ""next(l1, l0)"": ""false"", ""next(l2, l0)"": ""false"", ""next(l3, l0)"": ""false"", ""next(l4, l0)"": ""false"", ""next(l1, l1)"": ""false"", ""next(l2, l1)"": ""false"", ""next(l3, l1)"": ""false"", ""next(l4, l1)"": ""false"", ""next(l0, l2)"": ""false"", ""next(l2, l2)"": ""false"", ""next(l3, l2)"": ""false"", ""next(l4, l2)"": ""false"", ""next(l0, l3)"": ""false"", ""next(l1, l3)"": ""false"", ""next(l3, l3)"": ""false"", ""next(l4, l3)"": ""false"", ""next(l0, l4)"": ""false"", ""next(l1, l4)"": ""false"", ""next(l2, l4)"": ""false"", ""next(l4, l4)"": ""false""}";refuel;"[""a1"", ""cb"", ""l1"", ""l2""]";True;"{""fuel-level(a1, l2)"": ""true"", ""fuel-level(a1, l1)"": ""false"", ""at-aircraft(a1, ca)"": ""false"", ""at-aircraft(a1, cb)"": ""true"", ""at-person(p1, ca)"": ""false"", ""in(p1, a1)"": ""true"", ""fuel-level(a1, l3)"": ""false"", ""at-aircraft(a1, cc)"": ""false"", ""fuel-level(a1, l4)"": ""false"", ""in(p2, a1)"": ""false"", ""at-person(p2, cc)"": ""true"", ""at-person(p2, cb)"": ""false"", ""next(l0, l1)"": ""true"", ""next(l1, l2)"": ""true"", ""next(l2, l3)"": ""true"", ""next(l3, l4)"": ""true"", ""route-fly(ca, cb)"": ""true"", ""route-fly(cb, ca)"": ""true"", ""route-zoom(cb, cc)"": ""true"", ""route-zoom(cc, cb)"": ""true"", ""at-person(p2, ca)"": ""false"", ""at-person(p1, cb)"": ""false"", ""at-person(p1, cc)"": ""false"", ""route-fly(ca, ca)"": ""false"", ""route-fly(cc, ca)"": ""false"", ""route-fly(cb, cb)"": ""false"", ""route-fly(cc, cb)"": ""false"", ""route-fly(ca, cc)"": ""false"", ""route-fly(cb, cc)"": ""false"", ""route-fly(cc, cc)"": ""false"", ""route-zoom(ca, ca)"": ""false"", ""route-zoom(cb, ca)"": ""false"", ""route-zoom(cc, ca)"": ""false"", ""route-zoom(ca, cb)"": ""false"", ""route-zoom(cb, cb)"": ""false"", ""route-zoom(ca, cc)"": ""false"", ""route-zoom(cc, cc)"": ""false"", ""fuel-level(a1, l0)"": ""false"", ""next(l0, l0)"": ""false"", ""next(l1, l0)"": ""false"", ""next(l2, l0)"": ""false"", ""next(l3, l0)"": ""false"", ""next(l4, l0)"": ""false"", ""next(l1, l1)"": ""false"", ""next(l2, l1)"": ""false"", ""next(l3, l1)"": ""false"", ""next(l4, l1)"": ""false"", ""next(l0, l2)"": ""false"", ""next(l2, l2)"": ""false"", ""next(l3, l2)"": ""false"", ""next(l4, l2)"": ""false"", ""next(l0, l3)"": ""false"", ""next(l1, l3)"": ""false"", ""next(l3, l3)"": ""false"", ""next(l4, l3)"": ""false"", ""next(l0, l4)"": ""false"", ""next(l1, l4)"": ""false"", ""next(l2, l4)"": ""false"", ""next(l4, l4)"": ""false""}"
"{""at-aircraft(a1, ca)"": ""false"", ""at-aircraft(a1, cb)"": ""true"", ""fuel-level(a1, l2)"": ""false"", ""fuel-level(a1, l1)"": ""true"", ""at-person(p1, ca)"": ""false"", ""in(p1, a1)"": ""true"", ""fuel-level(a1, l3)"": ""false"", ""at-aircraft(a1, cc)"": ""false"", ""fuel-level(a1, l4)"": ""false"", ""in(p2, a1)"": ""false"", ""at-person(p2, cc)"": ""true"", ""at-person(p2, cb)"": ""false"", ""next(l0, l1)"": ""true"", ""next(l1, l2)"": ""true"", ""next(l2, l3)"": ""true"", ""next(l3, l4)"": ""true"", ""route-fly(ca, cb)"": ""true"", ""route-fly(cb, ca)"": ""true"", ""route-zoom(cb, cc)"": ""true"", ""route-zoom(cc, cb)"": ""true"", ""at-person(p2, ca)"": ""false"", ""at-person(p1, cb)"": ""false"", ""at-person(p1, cc)"": ""false"", ""route-fly(ca, ca)"": ""false"", ""route-fly(cc, ca)"": ""false"", ""route-fly(cb, cb)"": ""false"", ""route-fly(cc, cb)"": ""false"", ""route-fly(ca, cc)"": ""false"", ""route-fly(cb, cc)"": ""false"", ""route-fly(cc, cc)"": ""false"", ""route-zoom(ca, ca)"": ""false"", ""route-zoom(cb, ca)"": ""false"", ""route-zoom(cc, ca)"": ""false"", ""route-zoom(ca, cb)"": ""false"", ""route-zoom(cb, cb)"": ""false"", ""route-zoom(ca, cc)"": ""false"", ""route-zoom(cc, cc)"": ""false"", ""fuel-level(a1, l0)"": ""false"", ""next(l0, l0)"": ""false"", ""next(l1, l0)"": ""false"", ""next(l2, l0)"": ""false"", ""next(l3, l0)"": ""false"", ""next(l4, l0)"": ""false"", ""next(l1, l1)"": ""false"", ""next(l2, l1)"": ""false"", ""next(l3, l1)"": ""false"", ""next(l4, l1)"": ""false"", ""next(l0, l2)"": ""false"", ""next(l2, l2)"": ""false"", ""next(l3, l2)"": ""false"", ""next(l4, l2)"": ""false"", ""next(l0, l3)"": ""false"", ""next(l1, l3)"": ""false"", ""next(l3, l3)"": ""false"", ""next(l4, l3)"": ""false"", ""next(l0, l4)"": ""false"", ""next(l1, l4)"": ""false"", ""next(l2, l4)"": ""false"", ""next(l4, l4)"": ""false""}";zoom;"[""a1"", ""ca"", ""cc"", ""l4"", ""l0"", ""l2""]";False;None
"{""at-aircraft(a1, ca)"": ""false"", ""at-aircraft(a1, cb)"": ""true"", ""fuel-level(a1, l2)"": ""false"", ""fuel-level(a1, l1)"": ""true"", ""at-person(p1, ca)"": ""false"", ""in(p1, a1)"": ""true"", ""fuel-level(a1, l3)"": ""false"", ""at-aircraft(a1, cc)"": ""false"", ""fuel-level(a1, l4)"": ""false"", ""in(p2, a1)"": ""false"", ""at-person(p2, cc)"": ""true"", ""at-person(p2, cb)"": ""false"", ""next(l0, l1)"": ""true"", ""next(l1, l2)"": ""true"", ""next(l2, l3)"": ""true"", ""next(l3, l4)"": ""true"", ""route-fly(ca, cb)"": ""true"", ""route-fly(cb, ca)"": ""true"", ""route-zoom(cb, cc)"": ""true"", ""route-zoom(cc, cb)"": ""true"", ""at-person(p2, ca)"": ""false"", ""at-person(p1, cb)"": ""false"", ""at-person(p1, cc)"": ""false"", ""route-fly(ca, ca)"": ""false"", ""route-fly(cc, ca)"": ""false"", ""route-fly(cb, cb)"": ""false"", ""route-fly(cc, cb)"": ""false"", ""route-fly(ca, cc)"": ""false"", ""route-fly(cb, cc)"": ""false"", ""route-fly(cc, cc)"": ""false"", ""route-zoom(ca, ca)"": ""false"", ""route-zoom(cb, ca)"": ""false"", ""route-zoom(cc, ca)"": ""false"", ""route-zoom(ca, cb)"": ""false"", ""route-zoom(cb, cb)"": ""false"", ""route-zoom(ca, cc)"": ""false"", ""route-zoom(cc, cc)"": ""false"", ""fuel-level(a1, l0)"": ""false"", ""next(l0, l0)"": ""false"", ""next(l1, l0)"": ""false"", ""next(l2, l0)"": ""false"", ""next(l3, l0)"": ""false"", ""next(l4, l0)"": ""false"", ""next(l1, l1)"": ""false"", ""next(l2, l1)"": ""false"", ""next(l3, l1)"": ""false"", ""next(l4, l1)"": ""false"", ""next(l0, l2)"": ""false"", ""next(l2, l2)"": ""false"", ""next(l3, l2)"": ""false"", ""next(l4, l2)"": ""false"", ""next(l0, l3)"": ""false"", ""next(l1, l3)"": ""false"", ""next(l3, l3)"": ""false"", ""next(l4, l3)"": ""false"", ""next(l0, l4)"": ""false"", ""next(l1, l4)"": ""false"", ""next(l2, l4)"": ""false"", ""next(l4, l4)"": ""false""}";fly;"[""a1"", ""cb"", ""ca"", ""l0"", ""l2""]";False;None
"{""fuel-level(a1, l2)"": ""true"", ""fuel-level(a1, l1)"": ""false"", ""at-aircraft(a1, ca)"": ""false"", ""at-aircraft(a1, cb)"": ""true"", ""at-person(p1, ca)"": ""false"", ""in(p1, a1)"": ""true"", ""fuel-level(a1, l3)"": ""false"", ""at-aircraft(a1, cc)"": ""false"", ""fuel-level(a1, l4)"": ""false"", ""in(p2, a1)"": ""false"", ""at-person(p2, cc)"": ""true"", ""at-person(p2, cb)"": ""false"", ""next(l0, l1)"": ""true"", ""next(l1, l2)"": ""true"", ""next(l2, l3)"": ""true"", ""next(l3, l4)"": ""true"", ""route-fly(ca, cb)"": ""true"", ""route-fly(cb, ca)"": ""true"", ""route-zoom(cb, cc)"": ""true"", ""route-zoom(cc, cb)"": ""true"", ""at-person(p2, ca)"": ""false"", ""at-person(p1, cb)"": ""false"", ""at-person(p1, cc)"": ""false"", ""route-fly(ca, ca)"": ""false"", ""route-fly(cc, ca)"": ""false"", ""route-fly(cb, cb)"": ""false"", ""route-fly(cc, cb)"": ""false"", ""route-fly(ca, cc)"": ""false"", ""route-fly(cb, cc)"": ""false"", ""route-fly(cc, cc)"": ""false"", ""route-zoom(ca, ca)"": ""false"", ""route-zoom(cb, ca)"": ""false"", ""route-zoom(cc, ca)"": ""false"", ""route-zoom(ca, cb)"": ""false"", ""route-zoom(cb, cb)"": ""false"", ""route-zoom(ca, cc)"": ""false"", ""route-zoom(cc, cc)"": ""false"", ""fuel-level(a1, l0)"": ""false"", ""next(l0, l0)"": ""false"", ""next(l1, l0)"": ""false"", ""next(l2, l0)"": ""false"", ""next(l3, l0)"": ""false"", ""next(l4, l0)"": ""false"", ""next(l1, l1)"": ""false"", ""next(l2, l1)"": ""false"", ""next(l3, l1)"": ""false"", ""next(l4, l1)"": ""false"", ""next(l0, l2)"": ""false"", ""next(l2, l2)"": ""false"", ""next(l3, l2)"": ""false"", ""next(l4, l2)"": ""false"", ""next(l0, l3)"": ""false"", ""next(l1, l3)"": ""false"", ""next(l3, l3)"": ""false"", ""next(l4, l3)"": ""false"", ""next(l0, l4)"": ""false"", ""next(l1, l4)"": ""false"", ""next(l2, l4)"": ""false"", ""next(l4, l4)"": ""false""}";zoom;"[""a1"", ""cb"", ""cc"", ""l2"", ""l1"", ""l0""]";True;"{""at-aircraft(a1, cb)"": ""false"", ""at-aircraft(a1, cc)"": ""true"", ""fuel-level(a1, l2)"": ""false"", ""fuel-level(a1, l0)"": ""true"", ""fuel-level(a1, l1)"": ""false"", ""at-aircraft(a1, ca)"": ""false"", ""at-person(p1, ca)"": ""false"", ""in(p1, a1)"": ""true"", ""fuel-level(a1, l3)"": ""false"", ""fuel-level(a1, l4)"": ""false"", ""in(p2, a1)"": ""false"", ""at-person(p2, cc)"": ""true"", ""at-person(p2, cb)"": ""false"", ""next(l0, l1)"": ""true"", ""next(l1, l2)"": ""true"", ""next(l2, l3)"": ""true"", ""next(l3, l4)"": ""true"", ""route-fly(ca, cb)"": ""true"", ""route-fly(cb, ca)"": ""true"", ""route-zoom(cb, cc)"": ""true"", ""route-zoom(cc, cb)"": ""true"", ""at-person(p2, ca)"": ""false"", ""at-person(p1, cb)"": ""false"", ""at-person(p1, cc)"": ""false"", ""route-fly(ca, ca)"": ""false"", ""route-fly(cc, ca)"": ""false"", ""route-fly(cb, cb)"": ""false"", ""route-fly(cc, cb)"": ""false"", ""route-fly(ca, cc)"": ""false"", ""route-fly(cb, cc)"": ""false"", ""route-fly(cc, cc)"": ""false"", ""route-zoom(ca, ca)"": ""false"", ""route-zoom(cb, ca)"": ""false"", ""route-zoom(cc, ca)"": ""false"", ""route-zoom(ca, cb)"": ""false"", ""route-zoom(cb, cb)"": ""false"", ""route-zoom(ca, cc)"": ""false"", ""route-zoom(cc, cc)"": ""false"", ""next(l0, l0)"": ""false"", ""next(l1, l0)"": ""false"", ""next(l2, l0)"": ""false"", ""next(l3, l0)"": ""false"", ""next(l4, l0)"": ""false"", ""next(l1, l1)"": ""false"", ""next(l2, l1)"": ""false"", ""next(l3, l1)"": ""false"", ""next(l4, l1)"": ""false"", ""next(l0, l2)"": ""false"", ""next(l2, l2)"": ""false"", ""next(l3, l2)"": ""false"", ""next(l4, l2)"": ""false"", ""next(l0, l3)"": ""false"", ""next(l1, l3)"": ""false"", ""next(l3, l3)"": ""false"", ""next(l4, l3)"": ""false"", ""next(l0, l4)"": ""false"", ""next(l1, l4)"": ""false"", ""next(l2, l4)"": ""false"", ""next(l4, l4)"": ""false""}"
"{""fuel-level(a1, l2)"": ""true"", ""fuel-level(a1, l1)"": ""false"", ""at-aircraft(a1, ca)"": ""false"", ""at-aircraft(a1, cb)"": ""true"", ""at-person(p1, ca)"": ""false"", ""in(p1, a1)"": ""true"", ""fuel-level(a1, l3)"": ""false"", ""at-aircraft(a1, cc)"": ""false"", ""fuel-level(a1, l4)"": ""false"", ""in(p2, a1)"": ""false"", ""at-person(p2, cc)"": ""true"", ""at-person(p2, cb)"": ""false"", ""next(l0, l1)"": ""true"", ""next(l1, l2)"": ""true"", ""next(l2, l3)"": ""true"", ""next(l3, l4)"": ""true"", ""route-fly(ca, cb)"": ""true"", ""route-fly(cb, ca)"": ""true"", ""route-zoom(cb, cc)"": ""true"", ""route-zoom(cc, cb)"": ""true"", ""at-person(p2, ca)"": ""false"", ""at-person(p1, cb)"": ""false"", ""at-person(p1, cc)"": ""false"", ""route-fly(ca, ca)"": ""false"", ""route-fly(cc, ca)"": ""false"", ""route-fly(cb, cb)"": ""false"", ""route-fly(cc, cb)"": ""false"", ""route-fly(ca, cc)"": ""false"", ""route-fly(cb, cc)"": ""false"", ""route-fly(cc, cc)"": ""false"", ""route-zoom(ca, ca)"": ""false"", ""route-zoom(cb, ca)"": ""false"", ""route-zoom(cc, ca)"": ""false"", ""route-zoom(ca, cb)"": ""false"", ""route-zoom(cb, cb)"": ""false"", ""route-zoom(ca, cc)"": ""false"", ""route-zoom(cc, cc)"": ""false"", ""fuel-level(a1, l0)"": ""false"", ""next(l0, l0)"": ""false"", ""next(l1, l0)"": ""false"", ""next(l2, l0)"": ""false"", ""next(l3, l0)"": ""false"", ""next(l4, l0)"": ""false"", ""next(l1, l1)"": ""false"", ""next(l2, l1)"": ""false"", ""next(l3, l1)"": ""false"", ""next(l4, l1)"": ""false"", ""next(l0, l2)"": ""false"", ""next(l2, l2)"": ""false"", ""next(l3, l2)"": ""false"", ""next(l4, l2)"": ""false"", ""next(l0, l3)"": ""false"", ""next(l1, l3)"": ""false"", ""next(l3, l3)"": ""false"", ""next(l4, l3)"": ""false"", ""next(l0, l4)"": ""false"", ""next(l1, l4)"": ""false"", ""next(l2, l4)"": ""false"", ""next(l4, l4)"": ""false""}";refuel;"[""a1"", ""ca"", ""l3"", ""l4""]";False;None
"{""fuel-level(a1, l2)"": ""true"", ""fuel-level(a1, l1)"": ""false"", ""at-aircraft(a1, ca)"": ""false"", ""at-aircraft(a1, cb)"": ""true"", ""at-person(p1, ca)"": ""false"", ""in(p1, a1)"": ""true"", ""fuel-level(a1, l3)"": ""false"", ""at-aircraft(a1, cc)"": ""false"", ""fuel-level(a1, l4)"": ""false"", ""in(p2, a1)"": ""false"", ""at-person(p2, cc)"": ""true"", ""at-person(p2, cb)"": ""false"", ""next(l0, l1)"": ""true"", ""next(l1, l2)"": ""true"", ""next(l2, l3)"": ""true"", ""next(l3, l4)"": ""true"", ""route-fly(ca, cb)"": ""true"", ""route-fly(cb, ca)"": ""true"", ""route-zoom(cb, cc)"": ""true"", ""route-zoom(cc, cb)"": ""true"", ""at-person(p2, ca)"": ""false"", ""at-person(p1, cb)"": ""false"", ""at-person(p1, cc)"": ""false"", ""route-fly(ca, ca)"": ""false"", ""route-fly(cc, ca)"": ""false"", ""route-fly(cb, cb)"": ""false"", ""route-fly(cc, cb)"": ""false"", ""route-fly(ca, cc)"": ""false"", ""route-fly(cb, cc)"": ""false"", ""route-fly(cc, cc)"": ""false"", ""route-zoom(ca, ca)"": ""false"", ""route-zoom(cb, ca)"": ""false"", ""route-zoom(cc, ca)"": ""false"", ""route-zoom(ca, cb)"": ""false"", ""route-zoom(cb, cb)"": ""false"", ""route-zoom(ca, cc)"": ""false"", ""route-zoom(cc, cc)"": ""false"", ""fuel-level(a1, l0)"": ""false"", ""next(l0, l0)"": ""false"", ""next(l1, l0)"": ""false"", ""next(l2, l0)"": ""false"", ""next(l3, l0)"": ""false"", ""next(l4, l0)"": ""false"", ""next(l1, l1)"": ""false"", ""next(l2, l1)"": ""false"", ""next(l3, l1)"": ""false"", ""next(l4, l1)"": ""false"", ""next(l0, l2)"": ""false"", ""next(l2, l2)"": ""false"", ""next(l3, l2)"": ""false"", ""next(l4, l2)"": ""false"", ""next(l0, l3)"": ""false"", ""next(l1, l3)"": ""false"", ""next(l3, l3)"": ""false"", ""next(l4, l3)"": ""false"", ""next(l0, l4)"": ""false"", ""next(l1, l4)"": ""false"", ""next(l2, l4)"": ""false"", ""next(l4, l4)"": ""false""}";zoom;"[""a1"", ""cc"", ""cb"", ""l3"", ""l4"", ""l1""]";False;None
"{""at-aircraft(a1, cb)"": ""false"", ""at-aircraft(a1, cc)"": ""true"", ""fuel-level(a1, l2)"": ""false"", ""fuel-level(a1, l0)"": ""true"", ""fuel-level(a1, l1)"": ""false"", ""at-aircraft(a1, ca)"": ""false"", ""at-person(p1, ca)"": ""false"", ""in(p1, a1)"": ""true"", ""fuel-level(a1, l3)"": ""false"", ""fuel-level(a1, l4)"": ""false"", ""in(p2, a1)"": ""false"", ""at-person(p2, cc)"": ""true"", ""at-person(p2, cb)"": ""false"", ""next(l0, l1)"": ""true"", ""next(l1, l2)"": ""true"", ""next(l2, l3)"": ""true"", ""next(l3, l4)"": ""true"", ""route-fly(ca, cb)"": ""true"", ""route-fly(cb, ca)"": ""true"", ""route-zoom(cb, cc)"": ""true"", ""route-zoom(cc, cb)"": ""true"", ""at-person(p2, ca)"": ""false"", ""at-person(p1, cb)"": ""false"", ""at-person(p1, cc)"": ""false"", ""route-fly(ca, ca)"": ""false"", ""route-fly(cc, ca)"": ""false"", ""route-fly(cb, cb)"": ""false"", ""route-fly(cc, cb)"": ""false"", ""route-fly(ca, cc)"": ""false"", ""route-fly(cb, cc)"": ""false"", ""route-fly(cc, cc)"": ""false"", ""route-zoom(ca, ca)"": ""false"", ""route-zoom(cb, ca)"": ""false"", ""route-zoom(cc, ca)"": ""false"", ""route-zoom(ca, cb)"": ""false"", ""route-zoom(cb, cb)"": ""false"", ""route-zoom(ca, cc)"": ""false"", ""route-zoom(cc, cc)"": ""false"", ""next(l0, l0)"": ""false"", ""next(l1, l0)"": ""false"", ""next(l2, l0)"": ""false"", ""next(l3, l0)"": ""false"", ""next(l4, l0)"": ""false"", ""next(l1, l1)"": ""false"", ""next(l2, l1)"": ""false"", ""next(l3, l1)"": ""false"", ""next(l4, l1)"": ""false"", ""next(l0, l2)"": ""false"", ""next(l2, l2)"": ""false"", ""next(l3, l2)"": ""false"", ""next(l4, l2)"": ""false"", ""next(l0, l3)"": ""false"", ""next(l1, l3)"": ""false"", ""next(l3, l3)"": ""false"", ""next(l4, l3)"": ""false"", ""next(l0, l4)"": ""false"", ""next(l1, l4)"": ""false"", ""next(l2, l4)"": ""false"", ""next(l4, l4)"": ""false""}";debark;"[""p1"", ""a1"", ""cc""]";True;"{""in(p1, a1)"": ""false"", ""at-person(p1, cc)"": ""true"", ""at-aircraft(a1, cb)"": ""false"", ""at-aircraft(a1, cc)"": ""true"", ""fuel-level(a1, l2)"": ""false"", ""fuel-level(a1, l0)"": ""true"", ""fuel-level(a1, l1)"": ""false"", ""at-aircraft(a1, ca)"": ""false"", ""at-person(p1, ca)"": ""false"", ""fuel-level(a1, l3)"": ""false"", ""fuel-level(a1, l4)"": ""false"", ""in(p2, a1)"": ""false"", ""at-person(p2, cc)"": ""true"", ""at-person(p2, cb)"": ""false"", ""next(l0, l1)"": ""true"", ""next(l1, l2)"": ""true"", ""next(l2, l3)"": ""true"", ""next(l3, l4)"": ""true"", ""route-fly(ca, cb)"": ""true"", ""route-fly(cb, ca)"": ""true"", ""route-zoom(cb, cc)"": ""true"", ""route-zoom(cc, cb)"": ""true"", ""at-person(p2, ca)"": ""false"", ""at-person(p1, cb)"": ""false"", ""route-fly(ca, ca)"": ""false"", ""route-fly(cc, ca)"": ""false"", ""route-fly(cb, cb)"": ""false"", ""route-fly(cc, cb)"": ""false"", ""route-fly(ca, cc)"": ""false"", ""route-fly(cb, cc)"": ""false"", ""route-fly(cc, cc)"": ""false"", ""route-zoom(ca, ca)"": ""false"", ""route-zoom(cb, ca)"": ""false"", ""route-zoom(cc, ca)"": ""false"", ""route-zoom(ca, cb)"": ""false"", ""route-zoom(cb, cb)"": ""false"", ""route-zoom(ca, cc)"": ""false"", ""route-zoom(cc, cc)"": ""false"", ""next(l0, l0)"": ""false"", ""next(l1, l0)"": ""false"", ""next(l2, l0)"": ""false"", ""next(l3, l0)"": ""false"", ""next(l4, l0)"": ""false"", ""next(l1, l1)"": ""false"", ""next(l2, l1)"": ""false"", ""next(l3, l1)"": ""false"", ""next(l4, l1)"": ""false"", ""next(l0, l2)"": ""false"", ""next(l2, l2)"": ""false"", ""next(l3, l2)"": ""false"", ""next(l4, l2)"": ""false"", ""next(l0, l3)"": ""false"", ""next(l1, l3)"": ""false"", ""next(l3, l3)"": ""false"", ""next(l4, l3)"": ""false"", ""next(l0, l4)"": ""false"", ""next(l1, l4)"": ""false"", ""next(l2, l4)"": ""false"", ""next(l4, l4)"": ""false""}"
"{""at-aircraft(a1, cb)"": ""false"", ""at-aircraft(a1, cc)"": ""true"", ""fuel-level(a1, l2)"": ""false"", ""fuel-level(a1, l0)"": ""true"", ""fuel-level(a1, l1)"": ""false"", ""at-aircraft(a1, ca)"": ""false"", ""at-person(p1, ca)"": ""false"", ""in(p1, a1)"": ""true"", ""fuel-level(a1, l3)"": ""false"", ""fuel-level(a1, l4)"": ""false"", ""in(p2, a1)"": ""false"", ""at-person(p2, cc)"": ""true"", ""at-person(p2, cb)"": ""false"", ""next(l0, l1)"": ""true"", ""next(l1, l2)"": ""true"", ""next(l2, l3)"": ""true"", ""next(l3, l4)"": ""true"", ""route-fly(ca, cb)"": ""true"", ""route-fly(cb, ca)"": ""true"", ""route-zoom(cb, cc)"": ""true"", ""route-zoom(cc, cb)"": ""true"", ""at-person(p2, ca)"": ""false"", ""at-person(p1, cb)"": ""false"", ""at-person(p1, cc)"": ""false"", ""route-fly(ca, ca)"": ""false"", ""route-fly(cc, ca)"": ""false"", ""route-fly(cb, cb)"": ""false"", ""route-fly(cc, cb)"": ""false"", ""route-fly(ca, cc)"": ""false"", ""route-fly(cb, cc)"": ""false"", ""route-fly(cc, cc)"": ""false"", ""route-zoom(ca, ca)"": ""false"", ""route-zoom(cb, ca)"": ""false"", ""route-zoom(cc, ca)"": ""false"", ""route-zoom(ca, cb)"": ""false"", ""route-zoom(cb, cb)"": ""false"", ""route-zoom(ca, cc)"": ""false"", ""route-zoom(cc, cc)"": ""false"", ""next(l0, l0)"": ""false"", ""next(l1, l0)"": ""false"", ""next(l2, l0)"": ""false"", ""next(l3, l0)"": ""false"", ""next(l4, l0)"": ""false"", ""next(l1, l1)"": ""false"", ""next(l2, l1)"": ""false"", ""next(l3, l1)"": ""false"", ""next(l4, l1)"": ""false"", ""next(l0, l2)"": ""false"", ""next(l2, l2)"": ""false"", ""next(l3, l2)"": ""false"", ""next(l4, l2)"": ""false"", ""next(l0, l3)"": ""false"", ""next(l1, l3)"": ""false"", ""next(l3, l3)"": ""false"", ""next(l4, l3)"": ""false"", ""next(l0, l4)"": ""false"", ""next(l1, l4)"": ""false"", ""next(l2, l4)"": ""false"", ""next(l4, l4)"": ""false""}";zoom;"[""a1"", ""cb"", ""cc"", ""l4"", ""l1"", ""l3""]";False;None
"{""at-aircraft(a1, cb)"": ""false"", ""at-aircraft(a1, cc)"": ""true"", ""fuel-level(a1, l2)"": ""false"", ""fuel-level(a1, l0)"": ""true"", ""fuel-level(a1, l1)"": ""false"", ""at-aircraft(a1, ca)"": ""false"", ""at-person(p1, ca)"": ""false"", ""in(p1, a1)"": ""true"", ""fuel-level(a1, l3)"": ""false"", ""fuel-level(a1, l4)"": ""false"", ""in(p2, a1)"": ""false"", ""at-person(p2, cc)"": ""true"", ""at-person(p2, cb)"": ""false"", ""next(l0, l1)"": ""true"", ""next(l1, l2)"": ""true"", ""next(l2, l3)"": ""true"", ""next(l3, l4)"": ""true"", ""route-fly(ca, cb)"": ""true"", ""route-fly(cb, ca)"": ""true"", ""route-zoom(cb, cc)"": ""true"", ""route-zoom(cc, cb)"": ""true"", ""at-person(p2, ca)"": ""false"", ""at-person(p1, cb)"": ""false"", ""at-person(p1, cc)"": ""false"", ""route-fly(ca, ca)"": ""false"", ""route-fly(cc, ca)"": ""false"", ""route-fly(cb, cb)"": ""false"", ""route-fly(cc, cb)"": ""false"", ""route-fly(ca, cc)"": ""false"", ""route-fly(cb, cc)"": ""false"", ""route-fly(cc, cc)"": ""false"", ""route-zoom(ca, ca)"": ""false"", ""route-zoom(cb, ca)"": ""false"", ""route-zoom(cc, ca)"": ""false"", ""route-zoom(ca, cb)"": ""false"", ""route-zoom(cb, cb)"": ""false"", ""route-zoom(ca, cc)"": ""false"", ""route-zoom(cc, cc)"": ""false"", ""next(l0, l0)"": ""false"", ""next(l1, l0)"": ""false"", ""next(l2, l0)"": ""false"", ""next(l3, l0)"": ""false"", ""next(l4, l0)"": ""false"", ""next(l1, l1)"": ""false"", ""next(l2, l1)"": ""false"", ""next(l3, l1)"": ""false"", ""next(l4, l1)"": ""false"", ""next(l0, l2)"": ""false"", ""next(l2, l2)"": ""false"", ""next(l3, l2)"": ""false"", ""next(l4, l2)"": ""false"", ""next(l0, l3)"": ""false"", ""next(l1, l3)"": ""false"", ""next(l3, l3)"": ""false"", ""next(l4, l3)"": ""false"", ""next(l0, l4)"": ""false"", ""next(l1, l4)"": ""false"", ""next(l2, l4)"": ""false"", ""next(l4, l4)"": ""false""}";zoom;"[""a1"", ""cc"", ""cb"", ""l4"", ""l2"", ""l3""]";False;None
