state;action;action_parameters;result;next_state
"{""at(clerk1, fruit-sec)"": ""true"", ""connected(fruit-sec, veg-sec)"": ""true"", ""connected(veg-sec, fruit-sec)"": ""true"", ""connected(veg-sec, scale-sec)"": ""true"", ""connected(scale-sec, veg-sec)"": ""true"", ""scale-at(main-scale, scale-sec)"": ""true"", ""has-product(fruit-sec, apple1)"": ""true"", ""has-product(fruit-sec, apple2)"": ""true"", ""has-product(veg-sec, carrot1)"": ""true"", ""has-product(veg-sec, potato1)"": ""true"", ""has-product(veg-sec, tomato1)"": ""true"", ""left-hand-free(clerk1)"": ""true"", ""right-hand-free(clerk1)"": ""true"", ""at(clerk1, veg-sec)"": ""false"", ""at(clerk1, scale-sec)"": ""false"", ""connected(fruit-sec, fruit-sec)"": ""false"", ""connected(scale-sec, fruit-sec)"": ""false"", ""connected(veg-sec, veg-sec)"": ""false"", ""connected(fruit-sec, scale-sec)"": ""false"", ""connected(scale-sec, scale-sec)"": ""false"", ""scale-at(main-scale, fruit-sec)"": ""false"", ""scale-at(main-scale, veg-sec)"": ""false"", ""has-product(veg-sec, apple1)"": ""false"", ""has-product(scale-sec, apple1)"": ""false"", ""has-product(veg-sec, apple2)"": ""false"", ""has-product(scale-sec, apple2)"": ""false"", ""has-product(fruit-sec, carrot1)"": ""false"", ""has-product(scale-sec, carrot1)"": ""false"", ""has-product(fruit-sec, potato1)"": ""false"", ""has-product(scale-sec, potato1)"": ""false"", ""has-product(fruit-sec, tomato1)"": ""false"", ""has-product(scale-sec, tomato1)"": ""false"", ""holding-left(clerk1, apple1)"": ""false"", ""holding-left(clerk1, apple2)"": ""false"", ""holding-left(clerk1, carrot1)"": ""false"", ""holding-left(clerk1, potato1)"": ""false"", ""holding-left(clerk1, tomato1)"": ""false"", ""holding-right(clerk1, apple1)"": ""false"", ""holding-right(clerk1, apple2)"": ""false"", ""holding-right(clerk1, carrot1)"": ""false"", ""holding-right(clerk1, potato1)"": ""false"", ""holding-right(clerk1, tomato1)"": ""false"", ""ready-to-weigh(apple1)"": ""false"", ""ready-to-weigh(apple2)"": ""false"", ""ready-to-weigh(carrot1)"": ""false"", ""ready-to-weigh(potato1)"": ""false"", ""ready-to-weigh(tomato1)"": ""false""}";pick-up-left;"[""clerk1"", ""fruit-sec"", ""apple2""]";True;"{""has-product(fruit-sec, apple2)"": ""false"", ""left-hand-free(clerk1)"": ""false"", ""holding-left(clerk1, apple2)"": ""true"", ""at(clerk1, fruit-sec)"": ""true"", ""connected(fruit-sec, veg-sec)"": ""true"", ""connected(veg-sec, fruit-sec)"": ""true"", ""connected(veg-sec, scale-sec)"": ""true"", ""connected(scale-sec, veg-sec)"": ""true"", ""scale-at(main-scale, scale-sec)"": ""true"", ""has-product(fruit-sec, apple1)"": ""true"", ""has-product(veg-sec, carrot1)"": ""true"", ""has-product(veg-sec, potato1)"": ""true"", ""has-product(veg-sec, tomato1)"": ""true"", ""right-hand-free(clerk1)"": ""true"", ""at(clerk1, veg-sec)"": ""false"", ""at(clerk1, scale-sec)"": ""false"", ""connected(fruit-sec, fruit-sec)"": ""false"", ""connected(scale-sec, fruit-sec)"": ""false"", ""connected(veg-sec, veg-sec)"": ""false"", ""connected(fruit-sec, scale-sec)"": ""false"", ""connected(scale-sec, scale-sec)"": ""false"", ""scale-at(main-scale, fruit-sec)"": ""false"", ""scale-at(main-scale, veg-sec)"": ""false"", ""has-product(veg-sec, apple1)"": ""false"", ""has-product(scale-sec, apple1)"": ""false"", ""has-product(veg-sec, apple2)"": ""false"", ""has-product(scale-sec, apple2)"": ""false"", ""has-product(fruit-sec, carrot1)"": ""false"", ""has-product(scale-sec, carrot1)"": ""false"", ""has-product(fruit-sec, potato1)"": ""false"", ""has-product(scale-sec, potato1)"": ""false"", ""has-product(fruit-sec, tomato1)"": ""false"", ""has-product(scale-sec, tomato1)"": ""false"", ""holding-left(clerk1, apple1)"": ""false"", ""holding-left(clerk1, carrot1)"": ""false"", ""holding-left(clerk1, potato1)"": ""false"", ""holding-left(clerk1, tomato1)"": ""false"", ""holding-right(clerk1, apple1)"": ""false"", ""holding-right(clerk1, apple2)"": ""false"", ""holding-right(clerk1, carrot1)"": ""false"", ""holding-right(clerk1, potato1)"": ""false"", ""holding-right(clerk1, tomato1)"": ""false"", ""ready-to-weigh(apple1)"": ""false"", ""ready-to-weigh(apple2)"": ""false"", ""ready-to-weigh(carrot1)"": ""false"", ""ready-to-weigh(potato1)"": ""false"", ""ready-to-weigh(tomato1)"": ""false""}"
"{""at(clerk1, fruit-sec)"": ""true"", ""connected(fruit-sec, veg-sec)"": ""true"", ""connected(veg-sec, fruit-sec)"": ""true"", ""connected(veg-sec, scale-sec)"": ""true"", ""connected(scale-sec, veg-sec)"": ""true"", ""scale-at(main-scale, scale-sec)"": ""true"", ""has-product(fruit-sec, apple1)"": ""true"", ""has-product(fruit-sec, apple2)"": ""true"", ""has-product(veg-sec, carrot1)"": ""true"", ""has-product(veg-sec, potato1)"": ""true"", ""has-product(veg-sec, tomato1)"": ""true"", ""left-hand-free(clerk1)"": ""true"", ""right-hand-free(clerk1)"": ""true"", ""at(clerk1, veg-sec)"": ""false"", ""at(clerk1, scale-sec)"": ""false"", ""connected(fruit-sec, fruit-sec)"": ""false"", ""connected(scale-sec, fruit-sec)"": ""false"", ""connected(veg-sec, veg-sec)"": ""false"", ""connected(fruit-sec, scale-sec)"": ""false"", ""connected(scale-sec, scale-sec)"": ""false"", ""scale-at(main-scale, fruit-sec)"": ""false"", ""scale-at(main-scale, veg-sec)"": ""false"", ""has-product(veg-sec, apple1)"": ""false"", ""has-product(scale-sec, apple1)"": ""false"", ""has-product(veg-sec, apple2)"": ""false"", ""has-product(scale-sec, apple2)"": ""false"", ""has-product(fruit-sec, carrot1)"": ""false"", ""has-product(scale-sec, carrot1)"": ""false"", ""has-product(fruit-sec, potato1)"": ""false"", ""has-product(scale-sec, potato1)"": ""false"", ""has-product(fruit-sec, tomato1)"": ""false"", ""has-product(scale-sec, tomato1)"": ""false"", ""holding-left(clerk1, apple1)"": ""false"", ""holding-left(clerk1, apple2)"": ""false"", ""holding-left(clerk1, carrot1)"": ""false"", ""holding-left(clerk1, potato1)"": ""false"", ""holding-left(clerk1, tomato1)"": ""false"", ""holding-right(clerk1, apple1)"": ""false"", ""holding-right(clerk1, apple2)"": ""false"", ""holding-right(clerk1, carrot1)"": ""false"", ""holding-right(clerk1, potato1)"": ""false"", ""holding-right(clerk1, tomato1)"": ""false"", ""ready-to-weigh(apple1)"": ""false"", ""ready-to-weigh(apple2)"": ""false"", ""ready-to-weigh(carrot1)"": ""false"", ""ready-to-weigh(potato1)"": ""false"", ""ready-to-weigh(tomato1)"": ""false""}";place-on-scale-right;"[""clerk1"", ""potato1"", ""scale-sec"", ""main-scale""]";False;None
"{""at(clerk1, fruit-sec)"": ""true"", ""connected(fruit-sec, veg-sec)"": ""true"", ""connected(veg-sec, fruit-sec)"": ""true"", ""connected(veg-sec, scale-sec)"": ""true"", ""connected(scale-sec, veg-sec)"": ""true"", ""scale-at(main-scale, scale-sec)"": ""true"", ""has-product(fruit-sec, apple1)"": ""true"", ""has-product(fruit-sec, apple2)"": ""true"", ""has-product(veg-sec, carrot1)"": ""true"", ""has-product(veg-sec, potato1)"": ""true"", ""has-product(veg-sec, tomato1)"": ""true"", ""left-hand-free(clerk1)"": ""true"", ""right-hand-free(clerk1)"": ""true"", ""at(clerk1, veg-sec)"": ""false"", ""at(clerk1, scale-sec)"": ""false"", ""connected(fruit-sec, fruit-sec)"": ""false"", ""connected(scale-sec, fruit-sec)"": ""false"", ""connected(veg-sec, veg-sec)"": ""false"", ""connected(fruit-sec, scale-sec)"": ""false"", ""connected(scale-sec, scale-sec)"": ""false"", ""scale-at(main-scale, fruit-sec)"": ""false"", ""scale-at(main-scale, veg-sec)"": ""false"", ""has-product(veg-sec, apple1)"": ""false"", ""has-product(scale-sec, apple1)"": ""false"", ""has-product(veg-sec, apple2)"": ""false"", ""has-product(scale-sec, apple2)"": ""false"", ""has-product(fruit-sec, carrot1)"": ""false"", ""has-product(scale-sec, carrot1)"": ""false"", ""has-product(fruit-sec, potato1)"": ""false"", ""has-product(scale-sec, potato1)"": ""false"", ""has-product(fruit-sec, tomato1)"": ""false"", ""has-product(scale-sec, tomato1)"": ""false"", ""holding-left(clerk1, apple1)"": ""false"", ""holding-left(clerk1, apple2)"": ""false"", ""holding-left(clerk1, carrot1)"": ""false"", ""holding-left(clerk1, potato1)"": ""false"", ""holding-left(clerk1, tomato1)"": ""false"", ""holding-right(clerk1, apple1)"": ""false"", ""holding-right(clerk1, apple2)"": ""false"", ""holding-right(clerk1, carrot1)"": ""false"", ""holding-right(clerk1, potato1)"": ""false"", ""holding-right(clerk1, tomato1)"": ""false"", ""ready-to-weigh(apple1)"": ""false"", ""ready-to-weigh(apple2)"": ""false"", ""ready-to-weigh(carrot1)"": ""false"", ""ready-to-weigh(potato1)"": ""false"", ""ready-to-weigh(tomato1)"": ""false""}";pick-up-left;"[""clerk1"", ""veg-sec"", ""apple1""]";False;None
"{""has-product(fruit-sec, apple2)"": ""false"", ""left-hand-free(clerk1)"": ""false"", ""holding-left(clerk1, apple2)"": ""true"", ""at(clerk1, fruit-sec)"": ""true"", ""connected(fruit-sec, veg-sec)"": ""true"", ""connected(veg-sec, fruit-sec)"": ""true"", ""connected(veg-sec, scale-sec)"": ""true"", ""connected(scale-sec, veg-sec)"": ""true"", ""scale-at(main-scale, scale-sec)"": ""true"", ""has-product(fruit-sec, apple1)"": ""true"", ""has-product(veg-sec, carrot1)"": ""true"", ""has-product(veg-sec, potato1)"": ""true"", ""has-product(veg-sec, tomato1)"": ""true"", ""right-hand-free(clerk1)"": ""true"", ""at(clerk1, veg-sec)"": ""false"", ""at(clerk1, scale-sec)"": ""false"", ""connected(fruit-sec, fruit-sec)"": ""false"", ""connected(scale-sec, fruit-sec)"": ""false"", ""connected(veg-sec, veg-sec)"": ""false"", ""connected(fruit-sec, scale-sec)"": ""false"", ""connected(scale-sec, scale-sec)"": ""false"", ""scale-at(main-scale, fruit-sec)"": ""false"", ""scale-at(main-scale, veg-sec)"": ""false"", ""has-product(veg-sec, apple1)"": ""false"", ""has-product(scale-sec, apple1)"": ""false"", ""has-product(veg-sec, apple2)"": ""false"", ""has-product(scale-sec, apple2)"": ""false"", ""has-product(fruit-sec, carrot1)"": ""false"", ""has-product(scale-sec, carrot1)"": ""false"", ""has-product(fruit-sec, potato1)"": ""false"", ""has-product(scale-sec, potato1)"": ""false"", ""has-product(fruit-sec, tomato1)"": ""false"", ""has-product(scale-sec, tomato1)"": ""false"", ""holding-left(clerk1, apple1)"": ""false"", ""holding-left(clerk1, carrot1)"": ""false"", ""holding-left(clerk1, potato1)"": ""false"", ""holding-left(clerk1, tomato1)"": ""false"", ""holding-right(clerk1, apple1)"": ""false"", ""holding-right(clerk1, apple2)"": ""false"", ""holding-right(clerk1, carrot1)"": ""false"", ""holding-right(clerk1, potato1)"": ""false"", ""holding-right(clerk1, tomato1)"": ""false"", ""ready-to-weigh(apple1)"": ""false"", ""ready-to-weigh(apple2)"": ""false"", ""ready-to-weigh(carrot1)"": ""false"", ""ready-to-weigh(potato1)"": ""false"", ""ready-to-weigh(tomato1)"": ""false""}";pick-up-right;"[""clerk1"", ""fruit-sec"", ""apple1""]";True;"{""has-product(fruit-sec, apple1)"": ""false"", ""right-hand-free(clerk1)"": ""false"", ""holding-right(clerk1, apple1)"": ""true"", ""has-product(fruit-sec, apple2)"": ""false"", ""left-hand-free(clerk1)"": ""false"", ""holding-left(clerk1, apple2)"": ""true"", ""at(clerk1, fruit-sec)"": ""true"", ""connected(fruit-sec, veg-sec)"": ""true"", ""connected(veg-sec, fruit-sec)"": ""true"", ""connected(veg-sec, scale-sec)"": ""true"", ""connected(scale-sec, veg-sec)"": ""true"", ""scale-at(main-scale, scale-sec)"": ""true"", ""has-product(veg-sec, carrot1)"": ""true"", ""has-product(veg-sec, potato1)"": ""true"", ""has-product(veg-sec, tomato1)"": ""true"", ""at(clerk1, veg-sec)"": ""false"", ""at(clerk1, scale-sec)"": ""false"", ""connected(fruit-sec, fruit-sec)"": ""false"", ""connected(scale-sec, fruit-sec)"": ""false"", ""connected(veg-sec, veg-sec)"": ""false"", ""connected(fruit-sec, scale-sec)"": ""false"", ""connected(scale-sec, scale-sec)"": ""false"", ""scale-at(main-scale, fruit-sec)"": ""false"", ""scale-at(main-scale, veg-sec)"": ""false"", ""has-product(veg-sec, apple1)"": ""false"", ""has-product(scale-sec, apple1)"": ""false"", ""has-product(veg-sec, apple2)"": ""false"", ""has-product(scale-sec, apple2)"": ""false"", ""has-product(fruit-sec, carrot1)"": ""false"", ""has-product(scale-sec, carrot1)"": ""false"", ""has-product(fruit-sec, potato1)"": ""false"", ""has-product(scale-sec, potato1)"": ""false"", ""has-product(fruit-sec, tomato1)"": ""false"", ""has-product(scale-sec, tomato1)"": ""false"", ""holding-left(clerk1, apple1)"": ""false"", ""holding-left(clerk1, carrot1)"": ""false"", ""holding-left(clerk1, potato1)"": ""false"", ""holding-left(clerk1, tomato1)"": ""false"", ""holding-right(clerk1, apple2)"": ""false"", ""holding-right(clerk1, carrot1)"": ""false"", ""holding-right(clerk1, potato1)"": ""false"", ""holding-right(clerk1, tomato1)"": ""false"", ""ready-to-weigh(apple1)"": ""false"", ""ready-to-weigh(apple2)"": ""false"", ""ready-to-weigh(carrot1)"": ""false"", ""ready-to-weigh(potato1)"": ""false"", ""ready-to-weigh(tomato1)"": ""false""}"
"{""has-product(fruit-sec, apple2)"": ""false"", ""left-hand-free(clerk1)"": ""false"", ""holding-left(clerk1, apple2)"": ""true"", ""at(clerk1, fruit-sec)"": ""true"", ""connected(fruit-sec, veg-sec)"": ""true"", ""connected(veg-sec, fruit-sec)"": ""true"", ""connected(veg-sec, scale-sec)"": ""true"", ""connected(scale-sec, veg-sec)"": ""true"", ""scale-at(main-scale, scale-sec)"": ""true"", ""has-product(fruit-sec, apple1)"": ""true"", ""has-product(veg-sec, carrot1)"": ""true"", ""has-product(veg-sec, potato1)"": ""true"", ""has-product(veg-sec, tomato1)"": ""true"", ""right-hand-free(clerk1)"": ""true"", ""at(clerk1, veg-sec)"": ""false"", ""at(clerk1, scale-sec)"": ""false"", ""connected(fruit-sec, fruit-sec)"": ""false"", ""connected(scale-sec, fruit-sec)"": ""false"", ""connected(veg-sec, veg-sec)"": ""false"", ""connected(fruit-sec, scale-sec)"": ""false"", ""connected(scale-sec, scale-sec)"": ""false"", ""scale-at(main-scale, fruit-sec)"": ""false"", ""scale-at(main-scale, veg-sec)"": ""false"", ""has-product(veg-sec, apple1)"": ""false"", ""has-product(scale-sec, apple1)"": ""false"", ""has-product(veg-sec, apple2)"": ""false"", ""has-product(scale-sec, apple2)"": ""false"", ""has-product(fruit-sec, carrot1)"": ""false"", ""has-product(scale-sec, carrot1)"": ""false"", ""has-product(fruit-sec, potato1)"": ""false"", ""has-product(scale-sec, potato1)"": ""false"", ""has-product(fruit-sec, tomato1)"": ""false"", ""has-product(scale-sec, tomato1)"": ""false"", ""holding-left(clerk1, apple1)"": ""false"", ""holding-left(clerk1, carrot1)"": ""false"", ""holding-left(clerk1, potato1)"": ""false"", ""holding-left(clerk1, tomato1)"": ""false"", ""holding-right(clerk1, apple1)"": ""false"", ""holding-right(clerk1, apple2)"": ""false"", ""holding-right(clerk1, carrot1)"": ""false"", ""holding-right(clerk1, potato1)"": ""false"", ""holding-right(clerk1, tomato1)"": ""false"", ""ready-to-weigh(apple1)"": ""false"", ""ready-to-weigh(apple2)"": ""false"", ""ready-to-weigh(carrot1)"": ""false"", ""ready-to-weigh(potato1)"": ""false"", ""ready-to-weigh(tomato1)"": ""false""}";place-on-scale-right;"[""clerk1"", ""apple2"", ""veg-sec"", ""main-scale""]";False;None
"{""has-product(fruit-sec, apple2)"": ""false"", ""left-hand-free(clerk1)"": ""false"", ""holding-left(clerk1, apple2)"": ""true"", ""at(clerk1, fruit-sec)"": ""true"", ""connected(fruit-sec, veg-sec)"": ""true"", ""connected(veg-sec, fruit-sec)"": ""true"", ""connected(veg-sec, scale-sec)"": ""true"", ""connected(scale-sec, veg-sec)"": ""true"", ""scale-at(main-scale, scale-sec)"": ""true"", ""has-product(fruit-sec, apple1)"": ""true"", ""has-product(veg-sec, carrot1)"": ""true"", ""has-product(veg-sec, potato1)"": ""true"", ""has-product(veg-sec, tomato1)"": ""true"", ""right-hand-free(clerk1)"": ""true"", ""at(clerk1, veg-sec)"": ""false"", ""at(clerk1, scale-sec)"": ""false"", ""connected(fruit-sec, fruit-sec)"": ""false"", ""connected(scale-sec, fruit-sec)"": ""false"", ""connected(veg-sec, veg-sec)"": ""false"", ""connected(fruit-sec, scale-sec)"": ""false"", ""connected(scale-sec, scale-sec)"": ""false"", ""scale-at(main-scale, fruit-sec)"": ""false"", ""scale-at(main-scale, veg-sec)"": ""false"", ""has-product(veg-sec, apple1)"": ""false"", ""has-product(scale-sec, apple1)"": ""false"", ""has-product(veg-sec, apple2)"": ""false"", ""has-product(scale-sec, apple2)"": ""false"", ""has-product(fruit-sec, carrot1)"": ""false"", ""has-product(scale-sec, carrot1)"": ""false"", ""has-product(fruit-sec, potato1)"": ""false"", ""has-product(scale-sec, potato1)"": ""false"", ""has-product(fruit-sec, tomato1)"": ""false"", ""has-product(scale-sec, tomato1)"": ""false"", ""holding-left(clerk1, apple1)"": ""false"", ""holding-left(clerk1, carrot1)"": ""false"", ""holding-left(clerk1, potato1)"": ""false"", ""holding-left(clerk1, tomato1)"": ""false"", ""holding-right(clerk1, apple1)"": ""false"", ""holding-right(clerk1, apple2)"": ""false"", ""holding-right(clerk1, carrot1)"": ""false"", ""holding-right(clerk1, potato1)"": ""false"", ""holding-right(clerk1, tomato1)"": ""false"", ""ready-to-weigh(apple1)"": ""false"", ""ready-to-weigh(apple2)"": ""false"", ""ready-to-weigh(carrot1)"": ""false"", ""ready-to-weigh(potato1)"": ""false"", ""ready-to-weigh(tomato1)"": ""false""}";place-on-scale-left;"[""clerk1"", ""apple1"", ""scale-sec"", ""main-scale""]";False;None
"{""has-product(fruit-sec, apple1)"": ""false"", ""right-hand-free(clerk1)"": ""false"", ""holding-right(clerk1, apple1)"": ""true"", ""has-product(fruit-sec, apple2)"": ""false"", ""left-hand-free(clerk1)"": ""false"", ""holding-left(clerk1, apple2)"": ""true"", ""at(clerk1, fruit-sec)"": ""true"", ""connected(fruit-sec, veg-sec)"": ""true"", ""connected(veg-sec, fruit-sec)"": ""true"", ""connected(veg-sec, scale-sec)"": ""true"", ""connected(scale-sec, veg-sec)"": ""true"", ""scale-at(main-scale, scale-sec)"": ""true"", ""has-product(veg-sec, carrot1)"": ""true"", ""has-product(veg-sec, potato1)"": ""true"", ""has-product(veg-sec, tomato1)"": ""true"", ""at(clerk1, veg-sec)"": ""false"", ""at(clerk1, scale-sec)"": ""false"", ""connected(fruit-sec, fruit-sec)"": ""false"", ""connected(scale-sec, fruit-sec)"": ""false"", ""connected(veg-sec, veg-sec)"": ""false"", ""connected(fruit-sec, scale-sec)"": ""false"", ""connected(scale-sec, scale-sec)"": ""false"", ""scale-at(main-scale, fruit-sec)"": ""false"", ""scale-at(main-scale, veg-sec)"": ""false"", ""has-product(veg-sec, apple1)"": ""false"", ""has-product(scale-sec, apple1)"": ""false"", ""has-product(veg-sec, apple2)"": ""false"", ""has-product(scale-sec, apple2)"": ""false"", ""has-product(fruit-sec, carrot1)"": ""false"", ""has-product(scale-sec, carrot1)"": ""false"", ""has-product(fruit-sec, potato1)"": ""false"", ""has-product(scale-sec, potato1)"": ""false"", ""has-product(fruit-sec, tomato1)"": ""false"", ""has-product(scale-sec, tomato1)"": ""false"", ""holding-left(clerk1, apple1)"": ""false"", ""holding-left(clerk1, carrot1)"": ""false"", ""holding-left(clerk1, potato1)"": ""false"", ""holding-left(clerk1, tomato1)"": ""false"", ""holding-right(clerk1, apple2)"": ""false"", ""holding-right(clerk1, carrot1)"": ""false"", ""holding-right(clerk1, potato1)"": ""false"", ""holding-right(clerk1, tomato1)"": ""false"", ""ready-to-weigh(apple1)"": ""false"", ""ready-to-weigh(apple2)"": ""false"", ""ready-to-weigh(carrot1)"": ""false"", ""ready-to-weigh(potato1)"": ""false"", ""ready-to-weigh(tomato1)"": ""false""}";move;"[""clerk1"", ""fruit-sec"", ""veg-sec""]";True;"{""at(clerk1, fruit-sec)"": ""false"", ""at(clerk1, veg-sec)"": ""true"", ""has-product(fruit-sec, apple1)"": ""false"", ""right-hand-free(clerk1)"": ""false"", ""holding-right(clerk1, apple1)"": ""true"", ""has-product(fruit-sec, apple2)"": ""false"", ""left-hand-free(clerk1)"": ""false"", ""holding-left(clerk1, apple2)"": ""true"", ""connected(fruit-sec, veg-sec)"": ""true"", ""connected(veg-sec, fruit-sec)"": ""true"", ""connected(veg-sec, scale-sec)"": ""true"", ""connected(scale-sec, veg-sec)"": ""true"", ""scale-at(main-scale, scale-sec)"": ""true"", ""has-product(veg-sec, carrot1)"": ""true"", ""has-product(veg-sec, potato1)"": ""true"", ""has-product(veg-sec, tomato1)"": ""true"", ""at(clerk1, scale-sec)"": ""false"", ""connected(fruit-sec, fruit-sec)"": ""false"", ""connected(scale-sec, fruit-sec)"": ""false"", ""connected(veg-sec, veg-sec)"": ""false"", ""connected(fruit-sec, scale-sec)"": ""false"", ""connected(scale-sec, scale-sec)"": ""false"", ""scale-at(main-scale, fruit-sec)"": ""false"", ""scale-at(main-scale, veg-sec)"": ""false"", ""has-product(veg-sec, apple1)"": ""false"", ""has-product(scale-sec, apple1)"": ""false"", ""has-product(veg-sec, apple2)"": ""false"", ""has-product(scale-sec, apple2)"": ""false"", ""has-product(fruit-sec, carrot1)"": ""false"", ""has-product(scale-sec, carrot1)"": ""false"", ""has-product(fruit-sec, potato1)"": ""false"", ""has-product(scale-sec, potato1)"": ""false"", ""has-product(fruit-sec, tomato1)"": ""false"", ""has-product(scale-sec, tomato1)"": ""false"", ""holding-left(clerk1, apple1)"": ""false"", ""holding-left(clerk1, carrot1)"": ""false"", ""holding-left(clerk1, potato1)"": ""false"", ""holding-left(clerk1, tomato1)"": ""false"", ""holding-right(clerk1, apple2)"": ""false"", ""holding-right(clerk1, carrot1)"": ""false"", ""holding-right(clerk1, potato1)"": ""false"", ""holding-right(clerk1, tomato1)"": ""false"", ""ready-to-weigh(apple1)"": ""false"", ""ready-to-weigh(apple2)"": ""false"", ""ready-to-weigh(carrot1)"": ""false"", ""ready-to-weigh(potato1)"": ""false"", ""ready-to-weigh(tomato1)"": ""false""}"
"{""has-product(fruit-sec, apple1)"": ""false"", ""right-hand-free(clerk1)"": ""false"", ""holding-right(clerk1, apple1)"": ""true"", ""has-product(fruit-sec, apple2)"": ""false"", ""left-hand-free(clerk1)"": ""false"", ""holding-left(clerk1, apple2)"": ""true"", ""at(clerk1, fruit-sec)"": ""true"", ""connected(fruit-sec, veg-sec)"": ""true"", ""connected(veg-sec, fruit-sec)"": ""true"", ""connected(veg-sec, scale-sec)"": ""true"", ""connected(scale-sec, veg-sec)"": ""true"", ""scale-at(main-scale, scale-sec)"": ""true"", ""has-product(veg-sec, carrot1)"": ""true"", ""has-product(veg-sec, potato1)"": ""true"", ""has-product(veg-sec, tomato1)"": ""true"", ""at(clerk1, veg-sec)"": ""false"", ""at(clerk1, scale-sec)"": ""false"", ""connected(fruit-sec, fruit-sec)"": ""false"", ""connected(scale-sec, fruit-sec)"": ""false"", ""connected(veg-sec, veg-sec)"": ""false"", ""connected(fruit-sec, scale-sec)"": ""false"", ""connected(scale-sec, scale-sec)"": ""false"", ""scale-at(main-scale, fruit-sec)"": ""false"", ""scale-at(main-scale, veg-sec)"": ""false"", ""has-product(veg-sec, apple1)"": ""false"", ""has-product(scale-sec, apple1)"": ""false"", ""has-product(veg-sec, apple2)"": ""false"", ""has-product(scale-sec, apple2)"": ""false"", ""has-product(fruit-sec, carrot1)"": ""false"", ""has-product(scale-sec, carrot1)"": ""false"", ""has-product(fruit-sec, potato1)"": ""false"", ""has-product(scale-sec, potato1)"": ""false"", ""has-product(fruit-sec, tomato1)"": ""false"", ""has-product(scale-sec, tomato1)"": ""false"", ""holding-left(clerk1, apple1)"": ""false"", ""holding-left(clerk1, carrot1)"": ""false"", ""holding-left(clerk1, potato1)"": ""false"", ""holding-left(clerk1, tomato1)"": ""false"", ""holding-right(clerk1, apple2)"": ""false"", ""holding-right(clerk1, carrot1)"": ""false"", ""holding-right(clerk1, potato1)"": ""false"", ""holding-right(clerk1, tomato1)"": ""false"", ""ready-to-weigh(apple1)"": ""false"", ""ready-to-weigh(apple2)"": ""false"", ""ready-to-weigh(carrot1)"": ""false"", ""ready-to-weigh(potato1)"": ""false"", ""ready-to-weigh(tomato1)"": ""false""}";place-on-scale-left;"[""clerk1"", ""tomato1"", ""veg-sec"", ""main-scale""]";False;None
"{""has-product(fruit-sec, apple1)"": ""false"", ""right-hand-free(clerk1)"": ""false"", ""holding-right(clerk1, apple1)"": ""true"", ""has-product(fruit-sec, apple2)"": ""false"", ""left-hand-free(clerk1)"": ""false"", ""holding-left(clerk1, apple2)"": ""true"", ""at(clerk1, fruit-sec)"": ""true"", ""connected(fruit-sec, veg-sec)"": ""true"", ""connected(veg-sec, fruit-sec)"": ""true"", ""connected(veg-sec, scale-sec)"": ""true"", ""connected(scale-sec, veg-sec)"": ""true"", ""scale-at(main-scale, scale-sec)"": ""true"", ""has-product(veg-sec, carrot1)"": ""true"", ""has-product(veg-sec, potato1)"": ""true"", ""has-product(veg-sec, tomato1)"": ""true"", ""at(clerk1, veg-sec)"": ""false"", ""at(clerk1, scale-sec)"": ""false"", ""connected(fruit-sec, fruit-sec)"": ""false"", ""connected(scale-sec, fruit-sec)"": ""false"", ""connected(veg-sec, veg-sec)"": ""false"", ""connected(fruit-sec, scale-sec)"": ""false"", ""connected(scale-sec, scale-sec)"": ""false"", ""scale-at(main-scale, fruit-sec)"": ""false"", ""scale-at(main-scale, veg-sec)"": ""false"", ""has-product(veg-sec, apple1)"": ""false"", ""has-product(scale-sec, apple1)"": ""false"", ""has-product(veg-sec, apple2)"": ""false"", ""has-product(scale-sec, apple2)"": ""false"", ""has-product(fruit-sec, carrot1)"": ""false"", ""has-product(scale-sec, carrot1)"": ""false"", ""has-product(fruit-sec, potato1)"": ""false"", ""has-product(scale-sec, potato1)"": ""false"", ""has-product(fruit-sec, tomato1)"": ""false"", ""has-product(scale-sec, tomato1)"": ""false"", ""holding-left(clerk1, apple1)"": ""false"", ""holding-left(clerk1, carrot1)"": ""false"", ""holding-left(clerk1, potato1)"": ""false"", ""holding-left(clerk1, tomato1)"": ""false"", ""holding-right(clerk1, apple2)"": ""false"", ""holding-right(clerk1, carrot1)"": ""false"", ""holding-right(clerk1, potato1)"": ""false"", ""holding-right(clerk1, tomato1)"": ""false"", ""ready-to-weigh(apple1)"": ""false"", ""ready-to-weigh(apple2)"": ""false"", ""ready-to-weigh(carrot1)"": ""false"", ""ready-to-weigh(potato1)"": ""false"", ""ready-to-weigh(tomato1)"": ""false""}";pick-up-right;"[""clerk1"", ""scale-sec"", ""potato1""]";False;None
"{""at(clerk1, fruit-sec)"": ""false"", ""at(clerk1, veg-sec)"": ""true"", ""has-product(fruit-sec, apple1)"": ""false"", ""right-hand-free(clerk1)"": ""false"", ""holding-right(clerk1, apple1)"": ""true"", ""has-product(fruit-sec, apple2)"": ""false"", ""left-hand-free(clerk1)"": ""false"", ""holding-left(clerk1, apple2)"": ""true"", ""connected(fruit-sec, veg-sec)"": ""true"", ""connected(veg-sec, fruit-sec)"": ""true"", ""connected(veg-sec, scale-sec)"": ""true"", ""connected(scale-sec, veg-sec)"": ""true"", ""scale-at(main-scale, scale-sec)"": ""true"", ""has-product(veg-sec, carrot1)"": ""true"", ""has-product(veg-sec, potato1)"": ""true"", ""has-product(veg-sec, tomato1)"": ""true"", ""at(clerk1, scale-sec)"": ""false"", ""connected(fruit-sec, fruit-sec)"": ""false"", ""connected(scale-sec, fruit-sec)"": ""false"", ""connected(veg-sec, veg-sec)"": ""false"", ""connected(fruit-sec, scale-sec)"": ""false"", ""connected(scale-sec, scale-sec)"": ""false"", ""scale-at(main-scale, fruit-sec)"": ""false"", ""scale-at(main-scale, veg-sec)"": ""false"", ""has-product(veg-sec, apple1)"": ""false"", ""has-product(scale-sec, apple1)"": ""false"", ""has-product(veg-sec, apple2)"": ""false"", ""has-product(scale-sec, apple2)"": ""false"", ""has-product(fruit-sec, carrot1)"": ""false"", ""has-product(scale-sec, carrot1)"": ""false"", ""has-product(fruit-sec, potato1)"": ""false"", ""has-product(scale-sec, potato1)"": ""false"", ""has-product(fruit-sec, tomato1)"": ""false"", ""has-product(scale-sec, tomato1)"": ""false"", ""holding-left(clerk1, apple1)"": ""false"", ""holding-left(clerk1, carrot1)"": ""false"", ""holding-left(clerk1, potato1)"": ""false"", ""holding-left(clerk1, tomato1)"": ""false"", ""holding-right(clerk1, apple2)"": ""false"", ""holding-right(clerk1, carrot1)"": ""false"", ""holding-right(clerk1, potato1)"": ""false"", ""holding-right(clerk1, tomato1)"": ""false"", ""ready-to-weigh(apple1)"": ""false"", ""ready-to-weigh(apple2)"": ""false"", ""ready-to-weigh(carrot1)"": ""false"", ""ready-to-weigh(potato1)"": ""false"", ""ready-to-weigh(tomato1)"": ""false""}";move;"[""clerk1"", ""veg-sec"", ""scale-sec""]";True;"{""at(clerk1, veg-sec)"": ""false"", ""at(clerk1, scale-sec)"": ""true"", ""at(clerk1, fruit-sec)"": ""false"", ""has-product(fruit-sec, apple1)"": ""false"", ""right-hand-free(clerk1)"": ""false"", ""holding-right(clerk1, apple1)"": ""true"", ""has-product(fruit-sec, apple2)"": ""false"", ""left-hand-free(clerk1)"": ""false"", ""holding-left(clerk1, apple2)"": ""true"", ""connected(fruit-sec, veg-sec)"": ""true"", ""connected(veg-sec, fruit-sec)"": ""true"", ""connected(veg-sec, scale-sec)"": ""true"", ""connected(scale-sec, veg-sec)"": ""true"", ""scale-at(main-scale, scale-sec)"": ""true"", ""has-product(veg-sec, carrot1)"": ""true"", ""has-product(veg-sec, potato1)"": ""true"", ""has-product(veg-sec, tomato1)"": ""true"", ""connected(fruit-sec, fruit-sec)"": ""false"", ""connected(scale-sec, fruit-sec)"": ""false"", ""connected(veg-sec, veg-sec)"": ""false"", ""connected(fruit-sec, scale-sec)"": ""false"", ""connected(scale-sec, scale-sec)"": ""false"", ""scale-at(main-scale, fruit-sec)"": ""false"", ""scale-at(main-scale, veg-sec)"": ""false"", ""has-product(veg-sec, apple1)"": ""false"", ""has-product(scale-sec, apple1)"": ""false"", ""has-product(veg-sec, apple2)"": ""false"", ""has-product(scale-sec, apple2)"": ""false"", ""has-product(fruit-sec, carrot1)"": ""false"", ""has-product(scale-sec, carrot1)"": ""false"", ""has-product(fruit-sec, potato1)"": ""false"", ""has-product(scale-sec, potato1)"": ""false"", ""has-product(fruit-sec, tomato1)"": ""false"", ""has-product(scale-sec, tomato1)"": ""false"", ""holding-left(clerk1, apple1)"": ""false"", ""holding-left(clerk1, carrot1)"": ""false"", ""holding-left(clerk1, potato1)"": ""false"", ""holding-left(clerk1, tomato1)"": ""false"", ""holding-right(clerk1, apple2)"": ""false"", ""holding-right(clerk1, carrot1)"": ""false"", ""holding-right(clerk1, potato1)"": ""false"", ""holding-right(clerk1, tomato1)"": ""false"", ""ready-to-weigh(apple1)"": ""false"", ""ready-to-weigh(apple2)"": ""false"", ""ready-to-weigh(carrot1)"": ""false"", ""ready-to-weigh(potato1)"": ""false"", ""ready-to-weigh(tomato1)"": ""false""}"
"{""at(clerk1, fruit-sec)"": ""false"", ""at(clerk1, veg-sec)"": ""true"", ""has-product(fruit-sec, apple1)"": ""false"", ""right-hand-free(clerk1)"": ""false"", ""holding-right(clerk1, apple1)"": ""true"", ""has-product(fruit-sec, apple2)"": ""false"", ""left-hand-free(clerk1)"": ""false"", ""holding-left(clerk1, apple2)"": ""true"", ""connected(fruit-sec, veg-sec)"": ""true"", ""connected(veg-sec, fruit-sec)"": ""true"", ""connected(veg-sec, scale-sec)"": ""true"", ""connected(scale-sec, veg-sec)"": ""true"", ""scale-at(main-scale, scale-sec)"": ""true"", ""has-product(veg-sec, carrot1)"": ""true"", ""has-product(veg-sec, potato1)"": ""true"", ""has-product(veg-sec, tomato1)"": ""true"", ""at(clerk1, scale-sec)"": ""false"", ""connected(fruit-sec, fruit-sec)"": ""false"", ""connected(scale-sec, fruit-sec)"": ""false"", ""connected(veg-sec, veg-sec)"": ""false"", ""connected(fruit-sec, scale-sec)"": ""false"", ""connected(scale-sec, scale-sec)"": ""false"", ""scale-at(main-scale, fruit-sec)"": ""false"", ""scale-at(main-scale, veg-sec)"": ""false"", ""has-product(veg-sec, apple1)"": ""false"", ""has-product(scale-sec, apple1)"": ""false"", ""has-product(veg-sec, apple2)"": ""false"", ""has-product(scale-sec, apple2)"": ""false"", ""has-product(fruit-sec, carrot1)"": ""false"", ""has-product(scale-sec, carrot1)"": ""false"", ""has-product(fruit-sec, potato1)"": ""false"", ""has-product(scale-sec, potato1)"": ""false"", ""has-product(fruit-sec, tomato1)"": ""false"", ""has-product(scale-sec, tomato1)"": ""false"", ""holding-left(clerk1, apple1)"": ""false"", ""holding-left(clerk1, carrot1)"": ""false"", ""holding-left(clerk1, potato1)"": ""false"", ""holding-left(clerk1, tomato1)"": ""false"", ""holding-right(clerk1, apple2)"": ""false"", ""holding-right(clerk1, carrot1)"": ""false"", ""holding-right(clerk1, potato1)"": ""false"", ""holding-right(clerk1, tomato1)"": ""false"", ""ready-to-weigh(apple1)"": ""false"", ""ready-to-weigh(apple2)"": ""false"", ""ready-to-weigh(carrot1)"": ""false"", ""ready-to-weigh(potato1)"": ""false"", ""ready-to-weigh(tomato1)"": ""false""}";place-on-scale-right;"[""clerk1"", ""potato1"", ""scale-sec"", ""main-scale""]";False;None
"{""at(clerk1, fruit-sec)"": ""false"", ""at(clerk1, veg-sec)"": ""true"", ""has-product(fruit-sec, apple1)"": ""false"", ""right-hand-free(clerk1)"": ""false"", ""holding-right(clerk1, apple1)"": ""true"", ""has-product(fruit-sec, apple2)"": ""false"", ""left-hand-free(clerk1)"": ""false"", ""holding-left(clerk1, apple2)"": ""true"", ""connected(fruit-sec, veg-sec)"": ""true"", ""connected(veg-sec, fruit-sec)"": ""true"", ""connected(veg-sec, scale-sec)"": ""true"", ""connected(scale-sec, veg-sec)"": ""true"", ""scale-at(main-scale, scale-sec)"": ""true"", ""has-product(veg-sec, carrot1)"": ""true"", ""has-product(veg-sec, potato1)"": ""true"", ""has-product(veg-sec, tomato1)"": ""true"", ""at(clerk1, scale-sec)"": ""false"", ""connected(fruit-sec, fruit-sec)"": ""false"", ""connected(scale-sec, fruit-sec)"": ""false"", ""connected(veg-sec, veg-sec)"": ""false"", ""connected(fruit-sec, scale-sec)"": ""false"", ""connected(scale-sec, scale-sec)"": ""false"", ""scale-at(main-scale, fruit-sec)"": ""false"", ""scale-at(main-scale, veg-sec)"": ""false"", ""has-product(veg-sec, apple1)"": ""false"", ""has-product(scale-sec, apple1)"": ""false"", ""has-product(veg-sec, apple2)"": ""false"", ""has-product(scale-sec, apple2)"": ""false"", ""has-product(fruit-sec, carrot1)"": ""false"", ""has-product(scale-sec, carrot1)"": ""false"", ""has-product(fruit-sec, potato1)"": ""false"", ""has-product(scale-sec, potato1)"": ""false"", ""has-product(fruit-sec, tomato1)"": ""false"", ""has-product(scale-sec, tomato1)"": ""false"", ""holding-left(clerk1, apple1)"": ""false"", ""holding-left(clerk1, carrot1)"": ""false"", ""holding-left(clerk1, potato1)"": ""false"", ""holding-left(clerk1, tomato1)"": ""false"", ""holding-right(clerk1, apple2)"": ""false"", ""holding-right(clerk1, carrot1)"": ""false"", ""holding-right(clerk1, potato1)"": ""false"", ""holding-right(clerk1, tomato1)"": ""false"", ""ready-to-weigh(apple1)"": ""false"", ""ready-to-weigh(apple2)"": ""false"", ""ready-to-weigh(carrot1)"": ""false"", ""ready-to-weigh(potato1)"": ""false"", ""ready-to-weigh(tomato1)"": ""false""}";pick-up-right;"[""clerk1"", ""fruit-sec"", ""apple2""]";False;None
"{""at(clerk1, veg-sec)"": ""false"", ""at(clerk1, scale-sec)"": ""true"", ""at(clerk1, fruit-sec)"": ""false"", ""has-product(fruit-sec, apple1)"": ""false"", ""right-hand-free(clerk1)"": ""false"", ""holding-right(clerk1, apple1)"": ""true"", ""has-product(fruit-sec, apple2)"": ""false"", ""left-hand-free(clerk1)"": ""false"", ""holding-left(clerk1, apple2)"": ""true"", ""connected(fruit-sec, veg-sec)"": ""true"", ""connected(veg-sec, fruit-sec)"": ""true"", ""connected(veg-sec, scale-sec)"": ""true"", ""connected(scale-sec, veg-sec)"": ""true"", ""scale-at(main-scale, scale-sec)"": ""true"", ""has-product(veg-sec, carrot1)"": ""true"", ""has-product(veg-sec, potato1)"": ""true"", ""has-product(veg-sec, tomato1)"": ""true"", ""connected(fruit-sec, fruit-sec)"": ""false"", ""connected(scale-sec, fruit-sec)"": ""false"", ""connected(veg-sec, veg-sec)"": ""false"", ""connected(fruit-sec, scale-sec)"": ""false"", ""connected(scale-sec, scale-sec)"": ""false"", ""scale-at(main-scale, fruit-sec)"": ""false"", ""scale-at(main-scale, veg-sec)"": ""false"", ""has-product(veg-sec, apple1)"": ""false"", ""has-product(scale-sec, apple1)"": ""false"", ""has-product(veg-sec, apple2)"": ""false"", ""has-product(scale-sec, apple2)"": ""false"", ""has-product(fruit-sec, carrot1)"": ""false"", ""has-product(scale-sec, carrot1)"": ""false"", ""has-product(fruit-sec, potato1)"": ""false"", ""has-product(scale-sec, potato1)"": ""false"", ""has-product(fruit-sec, tomato1)"": ""false"", ""has-product(scale-sec, tomato1)"": ""false"", ""holding-left(clerk1, apple1)"": ""false"", ""holding-left(clerk1, carrot1)"": ""false"", ""holding-left(clerk1, potato1)"": ""false"", ""holding-left(clerk1, tomato1)"": ""false"", ""holding-right(clerk1, apple2)"": ""false"", ""holding-right(clerk1, carrot1)"": ""false"", ""holding-right(clerk1, potato1)"": ""false"", ""holding-right(clerk1, tomato1)"": ""false"", ""ready-to-weigh(apple1)"": ""false"", ""ready-to-weigh(apple2)"": ""false"", ""ready-to-weigh(carrot1)"": ""false"", ""ready-to-weigh(potato1)"": ""false"", ""ready-to-weigh(tomato1)"": ""false""}";place-on-scale-left;"[""clerk1"", ""apple2"", ""scale-sec"", ""main-scale""]";True;"{""left-hand-free(clerk1)"": ""true"", ""holding-left(clerk1, apple2)"": ""false"", ""ready-to-weigh(apple2)"": ""true"", ""at(clerk1, veg-sec)"": ""false"", ""at(clerk1, scale-sec)"": ""true"", ""at(clerk1, fruit-sec)"": ""false"", ""has-product(fruit-sec, apple1)"": ""false"", ""right-hand-free(clerk1)"": ""false"", ""holding-right(clerk1, apple1)"": ""true"", ""has-product(fruit-sec, apple2)"": ""false"", ""connected(fruit-sec, veg-sec)"": ""true"", ""connected(veg-sec, fruit-sec)"": ""true"", ""connected(veg-sec, scale-sec)"": ""true"", ""connected(scale-sec, veg-sec)"": ""true"", ""scale-at(main-scale, scale-sec)"": ""true"", ""has-product(veg-sec, carrot1)"": ""true"", ""has-product(veg-sec, potato1)"": ""true"", ""has-product(veg-sec, tomato1)"": ""true"", ""connected(fruit-sec, fruit-sec)"": ""false"", ""connected(scale-sec, fruit-sec)"": ""false"", ""connected(veg-sec, veg-sec)"": ""false"", ""connected(fruit-sec, scale-sec)"": ""false"", ""connected(scale-sec, scale-sec)"": ""false"", ""scale-at(main-scale, fruit-sec)"": ""false"", ""scale-at(main-scale, veg-sec)"": ""false"", ""has-product(veg-sec, apple1)"": ""false"", ""has-product(scale-sec, apple1)"": ""false"", ""has-product(veg-sec, apple2)"": ""false"", ""has-product(scale-sec, apple2)"": ""false"", ""has-product(fruit-sec, carrot1)"": ""false"", ""has-product(scale-sec, carrot1)"": ""false"", ""has-product(fruit-sec, potato1)"": ""false"", ""has-product(scale-sec, potato1)"": ""false"", ""has-product(fruit-sec, tomato1)"": ""false"", ""has-product(scale-sec, tomato1)"": ""false"", ""holding-left(clerk1, apple1)"": ""false"", ""holding-left(clerk1, carrot1)"": ""false"", ""holding-left(clerk1, potato1)"": ""false"", ""holding-left(clerk1, tomato1)"": ""false"", ""holding-right(clerk1, apple2)"": ""false"", ""holding-right(clerk1, carrot1)"": ""false"", ""holding-right(clerk1, potato1)"": ""false"", ""holding-right(clerk1, tomato1)"": ""false"", ""ready-to-weigh(apple1)"": ""false"", ""ready-to-weigh(carrot1)"": ""false"", ""ready-to-weigh(potato1)"": ""false"", ""ready-to-weigh(tomato1)"": ""false""}"
"{""at(clerk1, veg-sec)"": ""false"", ""at(clerk1, scale-sec)"": ""true"", ""at(clerk1, fruit-sec)"": ""false"", ""has-product(fruit-sec, apple1)"": ""false"", ""right-hand-free(clerk1)"": ""false"", ""holding-right(clerk1, apple1)"": ""true"", ""has-product(fruit-sec, apple2)"": ""false"", ""left-hand-free(clerk1)"": ""false"", ""holding-left(clerk1, apple2)"": ""true"", ""connected(fruit-sec, veg-sec)"": ""true"", ""connected(veg-sec, fruit-sec)"": ""true"", ""connected(veg-sec, scale-sec)"": ""true"", ""connected(scale-sec, veg-sec)"": ""true"", ""scale-at(main-scale, scale-sec)"": ""true"", ""has-product(veg-sec, carrot1)"": ""true"", ""has-product(veg-sec, potato1)"": ""true"", ""has-product(veg-sec, tomato1)"": ""true"", ""connected(fruit-sec, fruit-sec)"": ""false"", ""connected(scale-sec, fruit-sec)"": ""false"", ""connected(veg-sec, veg-sec)"": ""false"", ""connected(fruit-sec, scale-sec)"": ""false"", ""connected(scale-sec, scale-sec)"": ""false"", ""scale-at(main-scale, fruit-sec)"": ""false"", ""scale-at(main-scale, veg-sec)"": ""false"", ""has-product(veg-sec, apple1)"": ""false"", ""has-product(scale-sec, apple1)"": ""false"", ""has-product(veg-sec, apple2)"": ""false"", ""has-product(scale-sec, apple2)"": ""false"", ""has-product(fruit-sec, carrot1)"": ""false"", ""has-product(scale-sec, carrot1)"": ""false"", ""has-product(fruit-sec, potato1)"": ""false"", ""has-product(scale-sec, potato1)"": ""false"", ""has-product(fruit-sec, tomato1)"": ""false"", ""has-product(scale-sec, tomato1)"": ""false"", ""holding-left(clerk1, apple1)"": ""false"", ""holding-left(clerk1, carrot1)"": ""false"", ""holding-left(clerk1, potato1)"": ""false"", ""holding-left(clerk1, tomato1)"": ""false"", ""holding-right(clerk1, apple2)"": ""false"", ""holding-right(clerk1, carrot1)"": ""false"", ""holding-right(clerk1, potato1)"": ""false"", ""holding-right(clerk1, tomato1)"": ""false"", ""ready-to-weigh(apple1)"": ""false"", ""ready-to-weigh(apple2)"": ""false"", ""ready-to-weigh(carrot1)"": ""false"", ""ready-to-weigh(potato1)"": ""false"", ""ready-to-weigh(tomato1)"": ""false""}";pick-up-left;"[""clerk1"", ""fruit-sec"", ""carrot1""]";False;None
"{""at(clerk1, veg-sec)"": ""false"", ""at(clerk1, scale-sec)"": ""true"", ""at(clerk1, fruit-sec)"": ""false"", ""has-product(fruit-sec, apple1)"": ""false"", ""right-hand-free(clerk1)"": ""false"", ""holding-right(clerk1, apple1)"": ""true"", ""has-product(fruit-sec, apple2)"": ""false"", ""left-hand-free(clerk1)"": ""false"", ""holding-left(clerk1, apple2)"": ""true"", ""connected(fruit-sec, veg-sec)"": ""true"", ""connected(veg-sec, fruit-sec)"": ""true"", ""connected(veg-sec, scale-sec)"": ""true"", ""connected(scale-sec, veg-sec)"": ""true"", ""scale-at(main-scale, scale-sec)"": ""true"", ""has-product(veg-sec, carrot1)"": ""true"", ""has-product(veg-sec, potato1)"": ""true"", ""has-product(veg-sec, tomato1)"": ""true"", ""connected(fruit-sec, fruit-sec)"": ""false"", ""connected(scale-sec, fruit-sec)"": ""false"", ""connected(veg-sec, veg-sec)"": ""false"", ""connected(fruit-sec, scale-sec)"": ""false"", ""connected(scale-sec, scale-sec)"": ""false"", ""scale-at(main-scale, fruit-sec)"": ""false"", ""scale-at(main-scale, veg-sec)"": ""false"", ""has-product(veg-sec, apple1)"": ""false"", ""has-product(scale-sec, apple1)"": ""false"", ""has-product(veg-sec, apple2)"": ""false"", ""has-product(scale-sec, apple2)"": ""false"", ""has-product(fruit-sec, carrot1)"": ""false"", ""has-product(scale-sec, carrot1)"": ""false"", ""has-product(fruit-sec, potato1)"": ""false"", ""has-product(scale-sec, potato1)"": ""false"", ""has-product(fruit-sec, tomato1)"": ""false"", ""has-product(scale-sec, tomato1)"": ""false"", ""holding-left(clerk1, apple1)"": ""false"", ""holding-left(clerk1, carrot1)"": ""false"", ""holding-left(clerk1, potato1)"": ""false"", ""holding-left(clerk1, tomato1)"": ""false"", ""holding-right(clerk1, apple2)"": ""false"", ""holding-right(clerk1, carrot1)"": ""false"", ""holding-right(clerk1, potato1)"": ""false"", ""holding-right(clerk1, tomato1)"": ""false"", ""ready-to-weigh(apple1)"": ""false"", ""ready-to-weigh(apple2)"": ""false"", ""ready-to-weigh(carrot1)"": ""false"", ""ready-to-weigh(potato1)"": ""false"", ""ready-to-weigh(tomato1)"": ""false""}";pick-up-right;"[""clerk1"", ""fruit-sec"", ""apple2""]";False;None
"{""left-hand-free(clerk1)"": ""true"", ""holding-left(clerk1, apple2)"": ""false"", ""ready-to-weigh(apple2)"": ""true"", ""at(clerk1, veg-sec)"": ""false"", ""at(clerk1, scale-sec)"": ""true"", ""at(clerk1, fruit-sec)"": ""false"", ""has-product(fruit-sec, apple1)"": ""false"", ""right-hand-free(clerk1)"": ""false"", ""holding-right(clerk1, apple1)"": ""true"", ""has-product(fruit-sec, apple2)"": ""false"", ""connected(fruit-sec, veg-sec)"": ""true"", ""connected(veg-sec, fruit-sec)"": ""true"", ""connected(veg-sec, scale-sec)"": ""true"", ""connected(scale-sec, veg-sec)"": ""true"", ""scale-at(main-scale, scale-sec)"": ""true"", ""has-product(veg-sec, carrot1)"": ""true"", ""has-product(veg-sec, potato1)"": ""true"", ""has-product(veg-sec, tomato1)"": ""true"", ""connected(fruit-sec, fruit-sec)"": ""false"", ""connected(scale-sec, fruit-sec)"": ""false"", ""connected(veg-sec, veg-sec)"": ""false"", ""connected(fruit-sec, scale-sec)"": ""false"", ""connected(scale-sec, scale-sec)"": ""false"", ""scale-at(main-scale, fruit-sec)"": ""false"", ""scale-at(main-scale, veg-sec)"": ""false"", ""has-product(veg-sec, apple1)"": ""false"", ""has-product(scale-sec, apple1)"": ""false"", ""has-product(veg-sec, apple2)"": ""false"", ""has-product(scale-sec, apple2)"": ""false"", ""has-product(fruit-sec, carrot1)"": ""false"", ""has-product(scale-sec, carrot1)"": ""false"", ""has-product(fruit-sec, potato1)"": ""false"", ""has-product(scale-sec, potato1)"": ""false"", ""has-product(fruit-sec, tomato1)"": ""false"", ""has-product(scale-sec, tomato1)"": ""false"", ""holding-left(clerk1, apple1)"": ""false"", ""holding-left(clerk1, carrot1)"": ""false"", ""holding-left(clerk1, potato1)"": ""false"", ""holding-left(clerk1, tomato1)"": ""false"", ""holding-right(clerk1, apple2)"": ""false"", ""holding-right(clerk1, carrot1)"": ""false"", ""holding-right(clerk1, potato1)"": ""false"", ""holding-right(clerk1, tomato1)"": ""false"", ""ready-to-weigh(apple1)"": ""false"", ""ready-to-weigh(carrot1)"": ""false"", ""ready-to-weigh(potato1)"": ""false"", ""ready-to-weigh(tomato1)"": ""false""}";place-on-scale-right;"[""clerk1"", ""apple1"", ""scale-sec"", ""main-scale""]";True;"{""right-hand-free(clerk1)"": ""true"", ""holding-right(clerk1, apple1)"": ""false"", ""ready-to-weigh(apple1)"": ""true"", ""left-hand-free(clerk1)"": ""true"", ""holding-left(clerk1, apple2)"": ""false"", ""ready-to-weigh(apple2)"": ""true"", ""at(clerk1, veg-sec)"": ""false"", ""at(clerk1, scale-sec)"": ""true"", ""at(clerk1, fruit-sec)"": ""false"", ""has-product(fruit-sec, apple1)"": ""false"", ""has-product(fruit-sec, apple2)"": ""false"", ""connected(fruit-sec, veg-sec)"": ""true"", ""connected(veg-sec, fruit-sec)"": ""true"", ""connected(veg-sec, scale-sec)"": ""true"", ""connected(scale-sec, veg-sec)"": ""true"", ""scale-at(main-scale, scale-sec)"": ""true"", ""has-product(veg-sec, carrot1)"": ""true"", ""has-product(veg-sec, potato1)"": ""true"", ""has-product(veg-sec, tomato1)"": ""true"", ""connected(fruit-sec, fruit-sec)"": ""false"", ""connected(scale-sec, fruit-sec)"": ""false"", ""connected(veg-sec, veg-sec)"": ""false"", ""connected(fruit-sec, scale-sec)"": ""false"", ""connected(scale-sec, scale-sec)"": ""false"", ""scale-at(main-scale, fruit-sec)"": ""false"", ""scale-at(main-scale, veg-sec)"": ""false"", ""has-product(veg-sec, apple1)"": ""false"", ""has-product(scale-sec, apple1)"": ""false"", ""has-product(veg-sec, apple2)"": ""false"", ""has-product(scale-sec, apple2)"": ""false"", ""has-product(fruit-sec, carrot1)"": ""false"", ""has-product(scale-sec, carrot1)"": ""false"", ""has-product(fruit-sec, potato1)"": ""false"", ""has-product(scale-sec, potato1)"": ""false"", ""has-product(fruit-sec, tomato1)"": ""false"", ""has-product(scale-sec, tomato1)"": ""false"", ""holding-left(clerk1, apple1)"": ""false"", ""holding-left(clerk1, carrot1)"": ""false"", ""holding-left(clerk1, potato1)"": ""false"", ""holding-left(clerk1, tomato1)"": ""false"", ""holding-right(clerk1, apple2)"": ""false"", ""holding-right(clerk1, carrot1)"": ""false"", ""holding-right(clerk1, potato1)"": ""false"", ""holding-right(clerk1, tomato1)"": ""false"", ""ready-to-weigh(carrot1)"": ""false"", ""ready-to-weigh(potato1)"": ""false"", ""ready-to-weigh(tomato1)"": ""false""}"
"{""left-hand-free(clerk1)"": ""true"", ""holding-left(clerk1, apple2)"": ""false"", ""ready-to-weigh(apple2)"": ""true"", ""at(clerk1, veg-sec)"": ""false"", ""at(clerk1, scale-sec)"": ""true"", ""at(clerk1, fruit-sec)"": ""false"", ""has-product(fruit-sec, apple1)"": ""false"", ""right-hand-free(clerk1)"": ""false"", ""holding-right(clerk1, apple1)"": ""true"", ""has-product(fruit-sec, apple2)"": ""false"", ""connected(fruit-sec, veg-sec)"": ""true"", ""connected(veg-sec, fruit-sec)"": ""true"", ""connected(veg-sec, scale-sec)"": ""true"", ""connected(scale-sec, veg-sec)"": ""true"", ""scale-at(main-scale, scale-sec)"": ""true"", ""has-product(veg-sec, carrot1)"": ""true"", ""has-product(veg-sec, potato1)"": ""true"", ""has-product(veg-sec, tomato1)"": ""true"", ""connected(fruit-sec, fruit-sec)"": ""false"", ""connected(scale-sec, fruit-sec)"": ""false"", ""connected(veg-sec, veg-sec)"": ""false"", ""connected(fruit-sec, scale-sec)"": ""false"", ""connected(scale-sec, scale-sec)"": ""false"", ""scale-at(main-scale, fruit-sec)"": ""false"", ""scale-at(main-scale, veg-sec)"": ""false"", ""has-product(veg-sec, apple1)"": ""false"", ""has-product(scale-sec, apple1)"": ""false"", ""has-product(veg-sec, apple2)"": ""false"", ""has-product(scale-sec, apple2)"": ""false"", ""has-product(fruit-sec, carrot1)"": ""false"", ""has-product(scale-sec, carrot1)"": ""false"", ""has-product(fruit-sec, potato1)"": ""false"", ""has-product(scale-sec, potato1)"": ""false"", ""has-product(fruit-sec, tomato1)"": ""false"", ""has-product(scale-sec, tomato1)"": ""false"", ""holding-left(clerk1, apple1)"": ""false"", ""holding-left(clerk1, carrot1)"": ""false"", ""holding-left(clerk1, potato1)"": ""false"", ""holding-left(clerk1, tomato1)"": ""false"", ""holding-right(clerk1, apple2)"": ""false"", ""holding-right(clerk1, carrot1)"": ""false"", ""holding-right(clerk1, potato1)"": ""false"", ""holding-right(clerk1, tomato1)"": ""false"", ""ready-to-weigh(apple1)"": ""false"", ""ready-to-weigh(carrot1)"": ""false"", ""ready-to-weigh(potato1)"": ""false"", ""ready-to-weigh(tomato1)"": ""false""}";place-on-scale-left;"[""clerk1"", ""potato1"", ""scale-sec"", ""main-scale""]";False;None
"{""left-hand-free(clerk1)"": ""true"", ""holding-left(clerk1, apple2)"": ""false"", ""ready-to-weigh(apple2)"": ""true"", ""at(clerk1, veg-sec)"": ""false"", ""at(clerk1, scale-sec)"": ""true"", ""at(clerk1, fruit-sec)"": ""false"", ""has-product(fruit-sec, apple1)"": ""false"", ""right-hand-free(clerk1)"": ""false"", ""holding-right(clerk1, apple1)"": ""true"", ""has-product(fruit-sec, apple2)"": ""false"", ""connected(fruit-sec, veg-sec)"": ""true"", ""connected(veg-sec, fruit-sec)"": ""true"", ""connected(veg-sec, scale-sec)"": ""true"", ""connected(scale-sec, veg-sec)"": ""true"", ""scale-at(main-scale, scale-sec)"": ""true"", ""has-product(veg-sec, carrot1)"": ""true"", ""has-product(veg-sec, potato1)"": ""true"", ""has-product(veg-sec, tomato1)"": ""true"", ""connected(fruit-sec, fruit-sec)"": ""false"", ""connected(scale-sec, fruit-sec)"": ""false"", ""connected(veg-sec, veg-sec)"": ""false"", ""connected(fruit-sec, scale-sec)"": ""false"", ""connected(scale-sec, scale-sec)"": ""false"", ""scale-at(main-scale, fruit-sec)"": ""false"", ""scale-at(main-scale, veg-sec)"": ""false"", ""has-product(veg-sec, apple1)"": ""false"", ""has-product(scale-sec, apple1)"": ""false"", ""has-product(veg-sec, apple2)"": ""false"", ""has-product(scale-sec, apple2)"": ""false"", ""has-product(fruit-sec, carrot1)"": ""false"", ""has-product(scale-sec, carrot1)"": ""false"", ""has-product(fruit-sec, potato1)"": ""false"", ""has-product(scale-sec, potato1)"": ""false"", ""has-product(fruit-sec, tomato1)"": ""false"", ""has-product(scale-sec, tomato1)"": ""false"", ""holding-left(clerk1, apple1)"": ""false"", ""holding-left(clerk1, carrot1)"": ""false"", ""holding-left(clerk1, potato1)"": ""false"", ""holding-left(clerk1, tomato1)"": ""false"", ""holding-right(clerk1, apple2)"": ""false"", ""holding-right(clerk1, carrot1)"": ""false"", ""holding-right(clerk1, potato1)"": ""false"", ""holding-right(clerk1, tomato1)"": ""false"", ""ready-to-weigh(apple1)"": ""false"", ""ready-to-weigh(carrot1)"": ""false"", ""ready-to-weigh(potato1)"": ""false"", ""ready-to-weigh(tomato1)"": ""false""}";place-on-scale-right;"[""clerk1"", ""tomato1"", ""scale-sec"", ""main-scale""]";False;None
"{""right-hand-free(clerk1)"": ""true"", ""holding-right(clerk1, apple1)"": ""false"", ""ready-to-weigh(apple1)"": ""true"", ""left-hand-free(clerk1)"": ""true"", ""holding-left(clerk1, apple2)"": ""false"", ""ready-to-weigh(apple2)"": ""true"", ""at(clerk1, veg-sec)"": ""false"", ""at(clerk1, scale-sec)"": ""true"", ""at(clerk1, fruit-sec)"": ""false"", ""has-product(fruit-sec, apple1)"": ""false"", ""has-product(fruit-sec, apple2)"": ""false"", ""connected(fruit-sec, veg-sec)"": ""true"", ""connected(veg-sec, fruit-sec)"": ""true"", ""connected(veg-sec, scale-sec)"": ""true"", ""connected(scale-sec, veg-sec)"": ""true"", ""scale-at(main-scale, scale-sec)"": ""true"", ""has-product(veg-sec, carrot1)"": ""true"", ""has-product(veg-sec, potato1)"": ""true"", ""has-product(veg-sec, tomato1)"": ""true"", ""connected(fruit-sec, fruit-sec)"": ""false"", ""connected(scale-sec, fruit-sec)"": ""false"", ""connected(veg-sec, veg-sec)"": ""false"", ""connected(fruit-sec, scale-sec)"": ""false"", ""connected(scale-sec, scale-sec)"": ""false"", ""scale-at(main-scale, fruit-sec)"": ""false"", ""scale-at(main-scale, veg-sec)"": ""false"", ""has-product(veg-sec, apple1)"": ""false"", ""has-product(scale-sec, apple1)"": ""false"", ""has-product(veg-sec, apple2)"": ""false"", ""has-product(scale-sec, apple2)"": ""false"", ""has-product(fruit-sec, carrot1)"": ""false"", ""has-product(scale-sec, carrot1)"": ""false"", ""has-product(fruit-sec, potato1)"": ""false"", ""has-product(scale-sec, potato1)"": ""false"", ""has-product(fruit-sec, tomato1)"": ""false"", ""has-product(scale-sec, tomato1)"": ""false"", ""holding-left(clerk1, apple1)"": ""false"", ""holding-left(clerk1, carrot1)"": ""false"", ""holding-left(clerk1, potato1)"": ""false"", ""holding-left(clerk1, tomato1)"": ""false"", ""holding-right(clerk1, apple2)"": ""false"", ""holding-right(clerk1, carrot1)"": ""false"", ""holding-right(clerk1, potato1)"": ""false"", ""holding-right(clerk1, tomato1)"": ""false"", ""ready-to-weigh(carrot1)"": ""false"", ""ready-to-weigh(potato1)"": ""false"", ""ready-to-weigh(tomato1)"": ""false""}";move;"[""clerk1"", ""scale-sec"", ""veg-sec""]";True;"{""at(clerk1, scale-sec)"": ""false"", ""at(clerk1, veg-sec)"": ""true"", ""right-hand-free(clerk1)"": ""true"", ""holding-right(clerk1, apple1)"": ""false"", ""ready-to-weigh(apple1)"": ""true"", ""left-hand-free(clerk1)"": ""true"", ""holding-left(clerk1, apple2)"": ""false"", ""ready-to-weigh(apple2)"": ""true"", ""at(clerk1, fruit-sec)"": ""false"", ""has-product(fruit-sec, apple1)"": ""false"", ""has-product(fruit-sec, apple2)"": ""false"", ""connected(fruit-sec, veg-sec)"": ""true"", ""connected(veg-sec, fruit-sec)"": ""true"", ""connected(veg-sec, scale-sec)"": ""true"", ""connected(scale-sec, veg-sec)"": ""true"", ""scale-at(main-scale, scale-sec)"": ""true"", ""has-product(veg-sec, carrot1)"": ""true"", ""has-product(veg-sec, potato1)"": ""true"", ""has-product(veg-sec, tomato1)"": ""true"", ""connected(fruit-sec, fruit-sec)"": ""false"", ""connected(scale-sec, fruit-sec)"": ""false"", ""connected(veg-sec, veg-sec)"": ""false"", ""connected(fruit-sec, scale-sec)"": ""false"", ""connected(scale-sec, scale-sec)"": ""false"", ""scale-at(main-scale, fruit-sec)"": ""false"", ""scale-at(main-scale, veg-sec)"": ""false"", ""has-product(veg-sec, apple1)"": ""false"", ""has-product(scale-sec, apple1)"": ""false"", ""has-product(veg-sec, apple2)"": ""false"", ""has-product(scale-sec, apple2)"": ""false"", ""has-product(fruit-sec, carrot1)"": ""false"", ""has-product(scale-sec, carrot1)"": ""false"", ""has-product(fruit-sec, potato1)"": ""false"", ""has-product(scale-sec, potato1)"": ""false"", ""has-product(fruit-sec, tomato1)"": ""false"", ""has-product(scale-sec, tomato1)"": ""false"", ""holding-left(clerk1, apple1)"": ""false"", ""holding-left(clerk1, carrot1)"": ""false"", ""holding-left(clerk1, potato1)"": ""false"", ""holding-left(clerk1, tomato1)"": ""false"", ""holding-right(clerk1, apple2)"": ""false"", ""holding-right(clerk1, carrot1)"": ""false"", ""holding-right(clerk1, potato1)"": ""false"", ""holding-right(clerk1, tomato1)"": ""false"", ""ready-to-weigh(carrot1)"": ""false"", ""ready-to-weigh(potato1)"": ""false"", ""ready-to-weigh(tomato1)"": ""false""}"
"{""right-hand-free(clerk1)"": ""true"", ""holding-right(clerk1, apple1)"": ""false"", ""ready-to-weigh(apple1)"": ""true"", ""left-hand-free(clerk1)"": ""true"", ""holding-left(clerk1, apple2)"": ""false"", ""ready-to-weigh(apple2)"": ""true"", ""at(clerk1, veg-sec)"": ""false"", ""at(clerk1, scale-sec)"": ""true"", ""at(clerk1, fruit-sec)"": ""false"", ""has-product(fruit-sec, apple1)"": ""false"", ""has-product(fruit-sec, apple2)"": ""false"", ""connected(fruit-sec, veg-sec)"": ""true"", ""connected(veg-sec, fruit-sec)"": ""true"", ""connected(veg-sec, scale-sec)"": ""true"", ""connected(scale-sec, veg-sec)"": ""true"", ""scale-at(main-scale, scale-sec)"": ""true"", ""has-product(veg-sec, carrot1)"": ""true"", ""has-product(veg-sec, potato1)"": ""true"", ""has-product(veg-sec, tomato1)"": ""true"", ""connected(fruit-sec, fruit-sec)"": ""false"", ""connected(scale-sec, fruit-sec)"": ""false"", ""connected(veg-sec, veg-sec)"": ""false"", ""connected(fruit-sec, scale-sec)"": ""false"", ""connected(scale-sec, scale-sec)"": ""false"", ""scale-at(main-scale, fruit-sec)"": ""false"", ""scale-at(main-scale, veg-sec)"": ""false"", ""has-product(veg-sec, apple1)"": ""false"", ""has-product(scale-sec, apple1)"": ""false"", ""has-product(veg-sec, apple2)"": ""false"", ""has-product(scale-sec, apple2)"": ""false"", ""has-product(fruit-sec, carrot1)"": ""false"", ""has-product(scale-sec, carrot1)"": ""false"", ""has-product(fruit-sec, potato1)"": ""false"", ""has-product(scale-sec, potato1)"": ""false"", ""has-product(fruit-sec, tomato1)"": ""false"", ""has-product(scale-sec, tomato1)"": ""false"", ""holding-left(clerk1, apple1)"": ""false"", ""holding-left(clerk1, carrot1)"": ""false"", ""holding-left(clerk1, potato1)"": ""false"", ""holding-left(clerk1, tomato1)"": ""false"", ""holding-right(clerk1, apple2)"": ""false"", ""holding-right(clerk1, carrot1)"": ""false"", ""holding-right(clerk1, potato1)"": ""false"", ""holding-right(clerk1, tomato1)"": ""false"", ""ready-to-weigh(carrot1)"": ""false"", ""ready-to-weigh(potato1)"": ""false"", ""ready-to-weigh(tomato1)"": ""false""}";place-on-scale-right;"[""clerk1"", ""carrot1"", ""fruit-sec"", ""main-scale""]";False;None
"{""right-hand-free(clerk1)"": ""true"", ""holding-right(clerk1, apple1)"": ""false"", ""ready-to-weigh(apple1)"": ""true"", ""left-hand-free(clerk1)"": ""true"", ""holding-left(clerk1, apple2)"": ""false"", ""ready-to-weigh(apple2)"": ""true"", ""at(clerk1, veg-sec)"": ""false"", ""at(clerk1, scale-sec)"": ""true"", ""at(clerk1, fruit-sec)"": ""false"", ""has-product(fruit-sec, apple1)"": ""false"", ""has-product(fruit-sec, apple2)"": ""false"", ""connected(fruit-sec, veg-sec)"": ""true"", ""connected(veg-sec, fruit-sec)"": ""true"", ""connected(veg-sec, scale-sec)"": ""true"", ""connected(scale-sec, veg-sec)"": ""true"", ""scale-at(main-scale, scale-sec)"": ""true"", ""has-product(veg-sec, carrot1)"": ""true"", ""has-product(veg-sec, potato1)"": ""true"", ""has-product(veg-sec, tomato1)"": ""true"", ""connected(fruit-sec, fruit-sec)"": ""false"", ""connected(scale-sec, fruit-sec)"": ""false"", ""connected(veg-sec, veg-sec)"": ""false"", ""connected(fruit-sec, scale-sec)"": ""false"", ""connected(scale-sec, scale-sec)"": ""false"", ""scale-at(main-scale, fruit-sec)"": ""false"", ""scale-at(main-scale, veg-sec)"": ""false"", ""has-product(veg-sec, apple1)"": ""false"", ""has-product(scale-sec, apple1)"": ""false"", ""has-product(veg-sec, apple2)"": ""false"", ""has-product(scale-sec, apple2)"": ""false"", ""has-product(fruit-sec, carrot1)"": ""false"", ""has-product(scale-sec, carrot1)"": ""false"", ""has-product(fruit-sec, potato1)"": ""false"", ""has-product(scale-sec, potato1)"": ""false"", ""has-product(fruit-sec, tomato1)"": ""false"", ""has-product(scale-sec, tomato1)"": ""false"", ""holding-left(clerk1, apple1)"": ""false"", ""holding-left(clerk1, carrot1)"": ""false"", ""holding-left(clerk1, potato1)"": ""false"", ""holding-left(clerk1, tomato1)"": ""false"", ""holding-right(clerk1, apple2)"": ""false"", ""holding-right(clerk1, carrot1)"": ""false"", ""holding-right(clerk1, potato1)"": ""false"", ""holding-right(clerk1, tomato1)"": ""false"", ""ready-to-weigh(carrot1)"": ""false"", ""ready-to-weigh(potato1)"": ""false"", ""ready-to-weigh(tomato1)"": ""false""}";place-on-scale-left;"[""clerk1"", ""tomato1"", ""fruit-sec"", ""main-scale""]";False;None
"{""at(clerk1, scale-sec)"": ""false"", ""at(clerk1, veg-sec)"": ""true"", ""right-hand-free(clerk1)"": ""true"", ""holding-right(clerk1, apple1)"": ""false"", ""ready-to-weigh(apple1)"": ""true"", ""left-hand-free(clerk1)"": ""true"", ""holding-left(clerk1, apple2)"": ""false"", ""ready-to-weigh(apple2)"": ""true"", ""at(clerk1, fruit-sec)"": ""false"", ""has-product(fruit-sec, apple1)"": ""false"", ""has-product(fruit-sec, apple2)"": ""false"", ""connected(fruit-sec, veg-sec)"": ""true"", ""connected(veg-sec, fruit-sec)"": ""true"", ""connected(veg-sec, scale-sec)"": ""true"", ""connected(scale-sec, veg-sec)"": ""true"", ""scale-at(main-scale, scale-sec)"": ""true"", ""has-product(veg-sec, carrot1)"": ""true"", ""has-product(veg-sec, potato1)"": ""true"", ""has-product(veg-sec, tomato1)"": ""true"", ""connected(fruit-sec, fruit-sec)"": ""false"", ""connected(scale-sec, fruit-sec)"": ""false"", ""connected(veg-sec, veg-sec)"": ""false"", ""connected(fruit-sec, scale-sec)"": ""false"", ""connected(scale-sec, scale-sec)"": ""false"", ""scale-at(main-scale, fruit-sec)"": ""false"", ""scale-at(main-scale, veg-sec)"": ""false"", ""has-product(veg-sec, apple1)"": ""false"", ""has-product(scale-sec, apple1)"": ""false"", ""has-product(veg-sec, apple2)"": ""false"", ""has-product(scale-sec, apple2)"": ""false"", ""has-product(fruit-sec, carrot1)"": ""false"", ""has-product(scale-sec, carrot1)"": ""false"", ""has-product(fruit-sec, potato1)"": ""false"", ""has-product(scale-sec, potato1)"": ""false"", ""has-product(fruit-sec, tomato1)"": ""false"", ""has-product(scale-sec, tomato1)"": ""false"", ""holding-left(clerk1, apple1)"": ""false"", ""holding-left(clerk1, carrot1)"": ""false"", ""holding-left(clerk1, potato1)"": ""false"", ""holding-left(clerk1, tomato1)"": ""false"", ""holding-right(clerk1, apple2)"": ""false"", ""holding-right(clerk1, carrot1)"": ""false"", ""holding-right(clerk1, potato1)"": ""false"", ""holding-right(clerk1, tomato1)"": ""false"", ""ready-to-weigh(carrot1)"": ""false"", ""ready-to-weigh(potato1)"": ""false"", ""ready-to-weigh(tomato1)"": ""false""}";pick-up-right;"[""clerk1"", ""veg-sec"", ""carrot1""]";True;"{""has-product(veg-sec, carrot1)"": ""false"", ""right-hand-free(clerk1)"": ""false"", ""holding-right(clerk1, carrot1)"": ""true"", ""at(clerk1, scale-sec)"": ""false"", ""at(clerk1, veg-sec)"": ""true"", ""holding-right(clerk1, apple1)"": ""false"", ""ready-to-weigh(apple1)"": ""true"", ""left-hand-free(clerk1)"": ""true"", ""holding-left(clerk1, apple2)"": ""false"", ""ready-to-weigh(apple2)"": ""true"", ""at(clerk1, fruit-sec)"": ""false"", ""has-product(fruit-sec, apple1)"": ""false"", ""has-product(fruit-sec, apple2)"": ""false"", ""connected(fruit-sec, veg-sec)"": ""true"", ""connected(veg-sec, fruit-sec)"": ""true"", ""connected(veg-sec, scale-sec)"": ""true"", ""connected(scale-sec, veg-sec)"": ""true"", ""scale-at(main-scale, scale-sec)"": ""true"", ""has-product(veg-sec, potato1)"": ""true"", ""has-product(veg-sec, tomato1)"": ""true"", ""connected(fruit-sec, fruit-sec)"": ""false"", ""connected(scale-sec, fruit-sec)"": ""false"", ""connected(veg-sec, veg-sec)"": ""false"", ""connected(fruit-sec, scale-sec)"": ""false"", ""connected(scale-sec, scale-sec)"": ""false"", ""scale-at(main-scale, fruit-sec)"": ""false"", ""scale-at(main-scale, veg-sec)"": ""false"", ""has-product(veg-sec, apple1)"": ""false"", ""has-product(scale-sec, apple1)"": ""false"", ""has-product(veg-sec, apple2)"": ""false"", ""has-product(scale-sec, apple2)"": ""false"", ""has-product(fruit-sec, carrot1)"": ""false"", ""has-product(scale-sec, carrot1)"": ""false"", ""has-product(fruit-sec, potato1)"": ""false"", ""has-product(scale-sec, potato1)"": ""false"", ""has-product(fruit-sec, tomato1)"": ""false"", ""has-product(scale-sec, tomato1)"": ""false"", ""holding-left(clerk1, apple1)"": ""false"", ""holding-left(clerk1, carrot1)"": ""false"", ""holding-left(clerk1, potato1)"": ""false"", ""holding-left(clerk1, tomato1)"": ""false"", ""holding-right(clerk1, apple2)"": ""false"", ""holding-right(clerk1, potato1)"": ""false"", ""holding-right(clerk1, tomato1)"": ""false"", ""ready-to-weigh(carrot1)"": ""false"", ""ready-to-weigh(potato1)"": ""false"", ""ready-to-weigh(tomato1)"": ""false""}"
"{""at(clerk1, scale-sec)"": ""false"", ""at(clerk1, veg-sec)"": ""true"", ""right-hand-free(clerk1)"": ""true"", ""holding-right(clerk1, apple1)"": ""false"", ""ready-to-weigh(apple1)"": ""true"", ""left-hand-free(clerk1)"": ""true"", ""holding-left(clerk1, apple2)"": ""false"", ""ready-to-weigh(apple2)"": ""true"", ""at(clerk1, fruit-sec)"": ""false"", ""has-product(fruit-sec, apple1)"": ""false"", ""has-product(fruit-sec, apple2)"": ""false"", ""connected(fruit-sec, veg-sec)"": ""true"", ""connected(veg-sec, fruit-sec)"": ""true"", ""connected(veg-sec, scale-sec)"": ""true"", ""connected(scale-sec, veg-sec)"": ""true"", ""scale-at(main-scale, scale-sec)"": ""true"", ""has-product(veg-sec, carrot1)"": ""true"", ""has-product(veg-sec, potato1)"": ""true"", ""has-product(veg-sec, tomato1)"": ""true"", ""connected(fruit-sec, fruit-sec)"": ""false"", ""connected(scale-sec, fruit-sec)"": ""false"", ""connected(veg-sec, veg-sec)"": ""false"", ""connected(fruit-sec, scale-sec)"": ""false"", ""connected(scale-sec, scale-sec)"": ""false"", ""scale-at(main-scale, fruit-sec)"": ""false"", ""scale-at(main-scale, veg-sec)"": ""false"", ""has-product(veg-sec, apple1)"": ""false"", ""has-product(scale-sec, apple1)"": ""false"", ""has-product(veg-sec, apple2)"": ""false"", ""has-product(scale-sec, apple2)"": ""false"", ""has-product(fruit-sec, carrot1)"": ""false"", ""has-product(scale-sec, carrot1)"": ""false"", ""has-product(fruit-sec, potato1)"": ""false"", ""has-product(scale-sec, potato1)"": ""false"", ""has-product(fruit-sec, tomato1)"": ""false"", ""has-product(scale-sec, tomato1)"": ""false"", ""holding-left(clerk1, apple1)"": ""false"", ""holding-left(clerk1, carrot1)"": ""false"", ""holding-left(clerk1, potato1)"": ""false"", ""holding-left(clerk1, tomato1)"": ""false"", ""holding-right(clerk1, apple2)"": ""false"", ""holding-right(clerk1, carrot1)"": ""false"", ""holding-right(clerk1, potato1)"": ""false"", ""holding-right(clerk1, tomato1)"": ""false"", ""ready-to-weigh(carrot1)"": ""false"", ""ready-to-weigh(potato1)"": ""false"", ""ready-to-weigh(tomato1)"": ""false""}";place-on-scale-right;"[""clerk1"", ""carrot1"", ""veg-sec"", ""main-scale""]";False;None
"{""at(clerk1, scale-sec)"": ""false"", ""at(clerk1, veg-sec)"": ""true"", ""right-hand-free(clerk1)"": ""true"", ""holding-right(clerk1, apple1)"": ""false"", ""ready-to-weigh(apple1)"": ""true"", ""left-hand-free(clerk1)"": ""true"", ""holding-left(clerk1, apple2)"": ""false"", ""ready-to-weigh(apple2)"": ""true"", ""at(clerk1, fruit-sec)"": ""false"", ""has-product(fruit-sec, apple1)"": ""false"", ""has-product(fruit-sec, apple2)"": ""false"", ""connected(fruit-sec, veg-sec)"": ""true"", ""connected(veg-sec, fruit-sec)"": ""true"", ""connected(veg-sec, scale-sec)"": ""true"", ""connected(scale-sec, veg-sec)"": ""true"", ""scale-at(main-scale, scale-sec)"": ""true"", ""has-product(veg-sec, carrot1)"": ""true"", ""has-product(veg-sec, potato1)"": ""true"", ""has-product(veg-sec, tomato1)"": ""true"", ""connected(fruit-sec, fruit-sec)"": ""false"", ""connected(scale-sec, fruit-sec)"": ""false"", ""connected(veg-sec, veg-sec)"": ""false"", ""connected(fruit-sec, scale-sec)"": ""false"", ""connected(scale-sec, scale-sec)"": ""false"", ""scale-at(main-scale, fruit-sec)"": ""false"", ""scale-at(main-scale, veg-sec)"": ""false"", ""has-product(veg-sec, apple1)"": ""false"", ""has-product(scale-sec, apple1)"": ""false"", ""has-product(veg-sec, apple2)"": ""false"", ""has-product(scale-sec, apple2)"": ""false"", ""has-product(fruit-sec, carrot1)"": ""false"", ""has-product(scale-sec, carrot1)"": ""false"", ""has-product(fruit-sec, potato1)"": ""false"", ""has-product(scale-sec, potato1)"": ""false"", ""has-product(fruit-sec, tomato1)"": ""false"", ""has-product(scale-sec, tomato1)"": ""false"", ""holding-left(clerk1, apple1)"": ""false"", ""holding-left(clerk1, carrot1)"": ""false"", ""holding-left(clerk1, potato1)"": ""false"", ""holding-left(clerk1, tomato1)"": ""false"", ""holding-right(clerk1, apple2)"": ""false"", ""holding-right(clerk1, carrot1)"": ""false"", ""holding-right(clerk1, potato1)"": ""false"", ""holding-right(clerk1, tomato1)"": ""false"", ""ready-to-weigh(carrot1)"": ""false"", ""ready-to-weigh(potato1)"": ""false"", ""ready-to-weigh(tomato1)"": ""false""}";place-on-scale-right;"[""clerk1"", ""apple1"", ""veg-sec"", ""main-scale""]";False;None
"{""has-product(veg-sec, carrot1)"": ""false"", ""right-hand-free(clerk1)"": ""false"", ""holding-right(clerk1, carrot1)"": ""true"", ""at(clerk1, scale-sec)"": ""false"", ""at(clerk1, veg-sec)"": ""true"", ""holding-right(clerk1, apple1)"": ""false"", ""ready-to-weigh(apple1)"": ""true"", ""left-hand-free(clerk1)"": ""true"", ""holding-left(clerk1, apple2)"": ""false"", ""ready-to-weigh(apple2)"": ""true"", ""at(clerk1, fruit-sec)"": ""false"", ""has-product(fruit-sec, apple1)"": ""false"", ""has-product(fruit-sec, apple2)"": ""false"", ""connected(fruit-sec, veg-sec)"": ""true"", ""connected(veg-sec, fruit-sec)"": ""true"", ""connected(veg-sec, scale-sec)"": ""true"", ""connected(scale-sec, veg-sec)"": ""true"", ""scale-at(main-scale, scale-sec)"": ""true"", ""has-product(veg-sec, potato1)"": ""true"", ""has-product(veg-sec, tomato1)"": ""true"", ""connected(fruit-sec, fruit-sec)"": ""false"", ""connected(scale-sec, fruit-sec)"": ""false"", ""connected(veg-sec, veg-sec)"": ""false"", ""connected(fruit-sec, scale-sec)"": ""false"", ""connected(scale-sec, scale-sec)"": ""false"", ""scale-at(main-scale, fruit-sec)"": ""false"", ""scale-at(main-scale, veg-sec)"": ""false"", ""has-product(veg-sec, apple1)"": ""false"", ""has-product(scale-sec, apple1)"": ""false"", ""has-product(veg-sec, apple2)"": ""false"", ""has-product(scale-sec, apple2)"": ""false"", ""has-product(fruit-sec, carrot1)"": ""false"", ""has-product(scale-sec, carrot1)"": ""false"", ""has-product(fruit-sec, potato1)"": ""false"", ""has-product(scale-sec, potato1)"": ""false"", ""has-product(fruit-sec, tomato1)"": ""false"", ""has-product(scale-sec, tomato1)"": ""false"", ""holding-left(clerk1, apple1)"": ""false"", ""holding-left(clerk1, carrot1)"": ""false"", ""holding-left(clerk1, potato1)"": ""false"", ""holding-left(clerk1, tomato1)"": ""false"", ""holding-right(clerk1, apple2)"": ""false"", ""holding-right(clerk1, potato1)"": ""false"", ""holding-right(clerk1, tomato1)"": ""false"", ""ready-to-weigh(carrot1)"": ""false"", ""ready-to-weigh(potato1)"": ""false"", ""ready-to-weigh(tomato1)"": ""false""}";move;"[""clerk1"", ""veg-sec"", ""scale-sec""]";True;"{""at(clerk1, veg-sec)"": ""false"", ""at(clerk1, scale-sec)"": ""true"", ""has-product(veg-sec, carrot1)"": ""false"", ""right-hand-free(clerk1)"": ""false"", ""holding-right(clerk1, carrot1)"": ""true"", ""holding-right(clerk1, apple1)"": ""false"", ""ready-to-weigh(apple1)"": ""true"", ""left-hand-free(clerk1)"": ""true"", ""holding-left(clerk1, apple2)"": ""false"", ""ready-to-weigh(apple2)"": ""true"", ""at(clerk1, fruit-sec)"": ""false"", ""has-product(fruit-sec, apple1)"": ""false"", ""has-product(fruit-sec, apple2)"": ""false"", ""connected(fruit-sec, veg-sec)"": ""true"", ""connected(veg-sec, fruit-sec)"": ""true"", ""connected(veg-sec, scale-sec)"": ""true"", ""connected(scale-sec, veg-sec)"": ""true"", ""scale-at(main-scale, scale-sec)"": ""true"", ""has-product(veg-sec, potato1)"": ""true"", ""has-product(veg-sec, tomato1)"": ""true"", ""connected(fruit-sec, fruit-sec)"": ""false"", ""connected(scale-sec, fruit-sec)"": ""false"", ""connected(veg-sec, veg-sec)"": ""false"", ""connected(fruit-sec, scale-sec)"": ""false"", ""connected(scale-sec, scale-sec)"": ""false"", ""scale-at(main-scale, fruit-sec)"": ""false"", ""scale-at(main-scale, veg-sec)"": ""false"", ""has-product(veg-sec, apple1)"": ""false"", ""has-product(scale-sec, apple1)"": ""false"", ""has-product(veg-sec, apple2)"": ""false"", ""has-product(scale-sec, apple2)"": ""false"", ""has-product(fruit-sec, carrot1)"": ""false"", ""has-product(scale-sec, carrot1)"": ""false"", ""has-product(fruit-sec, potato1)"": ""false"", ""has-product(scale-sec, potato1)"": ""false"", ""has-product(fruit-sec, tomato1)"": ""false"", ""has-product(scale-sec, tomato1)"": ""false"", ""holding-left(clerk1, apple1)"": ""false"", ""holding-left(clerk1, carrot1)"": ""false"", ""holding-left(clerk1, potato1)"": ""false"", ""holding-left(clerk1, tomato1)"": ""false"", ""holding-right(clerk1, apple2)"": ""false"", ""holding-right(clerk1, potato1)"": ""false"", ""holding-right(clerk1, tomato1)"": ""false"", ""ready-to-weigh(carrot1)"": ""false"", ""ready-to-weigh(potato1)"": ""false"", ""ready-to-weigh(tomato1)"": ""false""}"
"{""has-product(veg-sec, carrot1)"": ""false"", ""right-hand-free(clerk1)"": ""false"", ""holding-right(clerk1, carrot1)"": ""true"", ""at(clerk1, scale-sec)"": ""false"", ""at(clerk1, veg-sec)"": ""true"", ""holding-right(clerk1, apple1)"": ""false"", ""ready-to-weigh(apple1)"": ""true"", ""left-hand-free(clerk1)"": ""true"", ""holding-left(clerk1, apple2)"": ""false"", ""ready-to-weigh(apple2)"": ""true"", ""at(clerk1, fruit-sec)"": ""false"", ""has-product(fruit-sec, apple1)"": ""false"", ""has-product(fruit-sec, apple2)"": ""false"", ""connected(fruit-sec, veg-sec)"": ""true"", ""connected(veg-sec, fruit-sec)"": ""true"", ""connected(veg-sec, scale-sec)"": ""true"", ""connected(scale-sec, veg-sec)"": ""true"", ""scale-at(main-scale, scale-sec)"": ""true"", ""has-product(veg-sec, potato1)"": ""true"", ""has-product(veg-sec, tomato1)"": ""true"", ""connected(fruit-sec, fruit-sec)"": ""false"", ""connected(scale-sec, fruit-sec)"": ""false"", ""connected(veg-sec, veg-sec)"": ""false"", ""connected(fruit-sec, scale-sec)"": ""false"", ""connected(scale-sec, scale-sec)"": ""false"", ""scale-at(main-scale, fruit-sec)"": ""false"", ""scale-at(main-scale, veg-sec)"": ""false"", ""has-product(veg-sec, apple1)"": ""false"", ""has-product(scale-sec, apple1)"": ""false"", ""has-product(veg-sec, apple2)"": ""false"", ""has-product(scale-sec, apple2)"": ""false"", ""has-product(fruit-sec, carrot1)"": ""false"", ""has-product(scale-sec, carrot1)"": ""false"", ""has-product(fruit-sec, potato1)"": ""false"", ""has-product(scale-sec, potato1)"": ""false"", ""has-product(fruit-sec, tomato1)"": ""false"", ""has-product(scale-sec, tomato1)"": ""false"", ""holding-left(clerk1, apple1)"": ""false"", ""holding-left(clerk1, carrot1)"": ""false"", ""holding-left(clerk1, potato1)"": ""false"", ""holding-left(clerk1, tomato1)"": ""false"", ""holding-right(clerk1, apple2)"": ""false"", ""holding-right(clerk1, potato1)"": ""false"", ""holding-right(clerk1, tomato1)"": ""false"", ""ready-to-weigh(carrot1)"": ""false"", ""ready-to-weigh(potato1)"": ""false"", ""ready-to-weigh(tomato1)"": ""false""}";pick-up-left;"[""clerk1"", ""scale-sec"", ""potato1""]";False;None
"{""has-product(veg-sec, carrot1)"": ""false"", ""right-hand-free(clerk1)"": ""false"", ""holding-right(clerk1, carrot1)"": ""true"", ""at(clerk1, scale-sec)"": ""false"", ""at(clerk1, veg-sec)"": ""true"", ""holding-right(clerk1, apple1)"": ""false"", ""ready-to-weigh(apple1)"": ""true"", ""left-hand-free(clerk1)"": ""true"", ""holding-left(clerk1, apple2)"": ""false"", ""ready-to-weigh(apple2)"": ""true"", ""at(clerk1, fruit-sec)"": ""false"", ""has-product(fruit-sec, apple1)"": ""false"", ""has-product(fruit-sec, apple2)"": ""false"", ""connected(fruit-sec, veg-sec)"": ""true"", ""connected(veg-sec, fruit-sec)"": ""true"", ""connected(veg-sec, scale-sec)"": ""true"", ""connected(scale-sec, veg-sec)"": ""true"", ""scale-at(main-scale, scale-sec)"": ""true"", ""has-product(veg-sec, potato1)"": ""true"", ""has-product(veg-sec, tomato1)"": ""true"", ""connected(fruit-sec, fruit-sec)"": ""false"", ""connected(scale-sec, fruit-sec)"": ""false"", ""connected(veg-sec, veg-sec)"": ""false"", ""connected(fruit-sec, scale-sec)"": ""false"", ""connected(scale-sec, scale-sec)"": ""false"", ""scale-at(main-scale, fruit-sec)"": ""false"", ""scale-at(main-scale, veg-sec)"": ""false"", ""has-product(veg-sec, apple1)"": ""false"", ""has-product(scale-sec, apple1)"": ""false"", ""has-product(veg-sec, apple2)"": ""false"", ""has-product(scale-sec, apple2)"": ""false"", ""has-product(fruit-sec, carrot1)"": ""false"", ""has-product(scale-sec, carrot1)"": ""false"", ""has-product(fruit-sec, potato1)"": ""false"", ""has-product(scale-sec, potato1)"": ""false"", ""has-product(fruit-sec, tomato1)"": ""false"", ""has-product(scale-sec, tomato1)"": ""false"", ""holding-left(clerk1, apple1)"": ""false"", ""holding-left(clerk1, carrot1)"": ""false"", ""holding-left(clerk1, potato1)"": ""false"", ""holding-left(clerk1, tomato1)"": ""false"", ""holding-right(clerk1, apple2)"": ""false"", ""holding-right(clerk1, potato1)"": ""false"", ""holding-right(clerk1, tomato1)"": ""false"", ""ready-to-weigh(carrot1)"": ""false"", ""ready-to-weigh(potato1)"": ""false"", ""ready-to-weigh(tomato1)"": ""false""}";place-on-scale-right;"[""clerk1"", ""tomato1"", ""veg-sec"", ""main-scale""]";False;None
"{""at(clerk1, veg-sec)"": ""false"", ""at(clerk1, scale-sec)"": ""true"", ""has-product(veg-sec, carrot1)"": ""false"", ""right-hand-free(clerk1)"": ""false"", ""holding-right(clerk1, carrot1)"": ""true"", ""holding-right(clerk1, apple1)"": ""false"", ""ready-to-weigh(apple1)"": ""true"", ""left-hand-free(clerk1)"": ""true"", ""holding-left(clerk1, apple2)"": ""false"", ""ready-to-weigh(apple2)"": ""true"", ""at(clerk1, fruit-sec)"": ""false"", ""has-product(fruit-sec, apple1)"": ""false"", ""has-product(fruit-sec, apple2)"": ""false"", ""connected(fruit-sec, veg-sec)"": ""true"", ""connected(veg-sec, fruit-sec)"": ""true"", ""connected(veg-sec, scale-sec)"": ""true"", ""connected(scale-sec, veg-sec)"": ""true"", ""scale-at(main-scale, scale-sec)"": ""true"", ""has-product(veg-sec, potato1)"": ""true"", ""has-product(veg-sec, tomato1)"": ""true"", ""connected(fruit-sec, fruit-sec)"": ""false"", ""connected(scale-sec, fruit-sec)"": ""false"", ""connected(veg-sec, veg-sec)"": ""false"", ""connected(fruit-sec, scale-sec)"": ""false"", ""connected(scale-sec, scale-sec)"": ""false"", ""scale-at(main-scale, fruit-sec)"": ""false"", ""scale-at(main-scale, veg-sec)"": ""false"", ""has-product(veg-sec, apple1)"": ""false"", ""has-product(scale-sec, apple1)"": ""false"", ""has-product(veg-sec, apple2)"": ""false"", ""has-product(scale-sec, apple2)"": ""false"", ""has-product(fruit-sec, carrot1)"": ""false"", ""has-product(scale-sec, carrot1)"": ""false"", ""has-product(fruit-sec, potato1)"": ""false"", ""has-product(scale-sec, potato1)"": ""false"", ""has-product(fruit-sec, tomato1)"": ""false"", ""has-product(scale-sec, tomato1)"": ""false"", ""holding-left(clerk1, apple1)"": ""false"", ""holding-left(clerk1, carrot1)"": ""false"", ""holding-left(clerk1, potato1)"": ""false"", ""holding-left(clerk1, tomato1)"": ""false"", ""holding-right(clerk1, apple2)"": ""false"", ""holding-right(clerk1, potato1)"": ""false"", ""holding-right(clerk1, tomato1)"": ""false"", ""ready-to-weigh(carrot1)"": ""false"", ""ready-to-weigh(potato1)"": ""false"", ""ready-to-weigh(tomato1)"": ""false""}";place-on-scale-right;"[""clerk1"", ""carrot1"", ""scale-sec"", ""main-scale""]";True;"{""right-hand-free(clerk1)"": ""true"", ""holding-right(clerk1, carrot1)"": ""false"", ""ready-to-weigh(carrot1)"": ""true"", ""at(clerk1, veg-sec)"": ""false"", ""at(clerk1, scale-sec)"": ""true"", ""has-product(veg-sec, carrot1)"": ""false"", ""holding-right(clerk1, apple1)"": ""false"", ""ready-to-weigh(apple1)"": ""true"", ""left-hand-free(clerk1)"": ""true"", ""holding-left(clerk1, apple2)"": ""false"", ""ready-to-weigh(apple2)"": ""true"", ""at(clerk1, fruit-sec)"": ""false"", ""has-product(fruit-sec, apple1)"": ""false"", ""has-product(fruit-sec, apple2)"": ""false"", ""connected(fruit-sec, veg-sec)"": ""true"", ""connected(veg-sec, fruit-sec)"": ""true"", ""connected(veg-sec, scale-sec)"": ""true"", ""connected(scale-sec, veg-sec)"": ""true"", ""scale-at(main-scale, scale-sec)"": ""true"", ""has-product(veg-sec, potato1)"": ""true"", ""has-product(veg-sec, tomato1)"": ""true"", ""connected(fruit-sec, fruit-sec)"": ""false"", ""connected(scale-sec, fruit-sec)"": ""false"", ""connected(veg-sec, veg-sec)"": ""false"", ""connected(fruit-sec, scale-sec)"": ""false"", ""connected(scale-sec, scale-sec)"": ""false"", ""scale-at(main-scale, fruit-sec)"": ""false"", ""scale-at(main-scale, veg-sec)"": ""false"", ""has-product(veg-sec, apple1)"": ""false"", ""has-product(scale-sec, apple1)"": ""false"", ""has-product(veg-sec, apple2)"": ""false"", ""has-product(scale-sec, apple2)"": ""false"", ""has-product(fruit-sec, carrot1)"": ""false"", ""has-product(scale-sec, carrot1)"": ""false"", ""has-product(fruit-sec, potato1)"": ""false"", ""has-product(scale-sec, potato1)"": ""false"", ""has-product(fruit-sec, tomato1)"": ""false"", ""has-product(scale-sec, tomato1)"": ""false"", ""holding-left(clerk1, apple1)"": ""false"", ""holding-left(clerk1, carrot1)"": ""false"", ""holding-left(clerk1, potato1)"": ""false"", ""holding-left(clerk1, tomato1)"": ""false"", ""holding-right(clerk1, apple2)"": ""false"", ""holding-right(clerk1, potato1)"": ""false"", ""holding-right(clerk1, tomato1)"": ""false"", ""ready-to-weigh(potato1)"": ""false"", ""ready-to-weigh(tomato1)"": ""false""}"
"{""at(clerk1, veg-sec)"": ""false"", ""at(clerk1, scale-sec)"": ""true"", ""has-product(veg-sec, carrot1)"": ""false"", ""right-hand-free(clerk1)"": ""false"", ""holding-right(clerk1, carrot1)"": ""true"", ""holding-right(clerk1, apple1)"": ""false"", ""ready-to-weigh(apple1)"": ""true"", ""left-hand-free(clerk1)"": ""true"", ""holding-left(clerk1, apple2)"": ""false"", ""ready-to-weigh(apple2)"": ""true"", ""at(clerk1, fruit-sec)"": ""false"", ""has-product(fruit-sec, apple1)"": ""false"", ""has-product(fruit-sec, apple2)"": ""false"", ""connected(fruit-sec, veg-sec)"": ""true"", ""connected(veg-sec, fruit-sec)"": ""true"", ""connected(veg-sec, scale-sec)"": ""true"", ""connected(scale-sec, veg-sec)"": ""true"", ""scale-at(main-scale, scale-sec)"": ""true"", ""has-product(veg-sec, potato1)"": ""true"", ""has-product(veg-sec, tomato1)"": ""true"", ""connected(fruit-sec, fruit-sec)"": ""false"", ""connected(scale-sec, fruit-sec)"": ""false"", ""connected(veg-sec, veg-sec)"": ""false"", ""connected(fruit-sec, scale-sec)"": ""false"", ""connected(scale-sec, scale-sec)"": ""false"", ""scale-at(main-scale, fruit-sec)"": ""false"", ""scale-at(main-scale, veg-sec)"": ""false"", ""has-product(veg-sec, apple1)"": ""false"", ""has-product(scale-sec, apple1)"": ""false"", ""has-product(veg-sec, apple2)"": ""false"", ""has-product(scale-sec, apple2)"": ""false"", ""has-product(fruit-sec, carrot1)"": ""false"", ""has-product(scale-sec, carrot1)"": ""false"", ""has-product(fruit-sec, potato1)"": ""false"", ""has-product(scale-sec, potato1)"": ""false"", ""has-product(fruit-sec, tomato1)"": ""false"", ""has-product(scale-sec, tomato1)"": ""false"", ""holding-left(clerk1, apple1)"": ""false"", ""holding-left(clerk1, carrot1)"": ""false"", ""holding-left(clerk1, potato1)"": ""false"", ""holding-left(clerk1, tomato1)"": ""false"", ""holding-right(clerk1, apple2)"": ""false"", ""holding-right(clerk1, potato1)"": ""false"", ""holding-right(clerk1, tomato1)"": ""false"", ""ready-to-weigh(carrot1)"": ""false"", ""ready-to-weigh(potato1)"": ""false"", ""ready-to-weigh(tomato1)"": ""false""}";place-on-scale-left;"[""clerk1"", ""apple2"", ""veg-sec"", ""main-scale""]";False;None
"{""at(clerk1, veg-sec)"": ""false"", ""at(clerk1, scale-sec)"": ""true"", ""has-product(veg-sec, carrot1)"": ""false"", ""right-hand-free(clerk1)"": ""false"", ""holding-right(clerk1, carrot1)"": ""true"", ""holding-right(clerk1, apple1)"": ""false"", ""ready-to-weigh(apple1)"": ""true"", ""left-hand-free(clerk1)"": ""true"", ""holding-left(clerk1, apple2)"": ""false"", ""ready-to-weigh(apple2)"": ""true"", ""at(clerk1, fruit-sec)"": ""false"", ""has-product(fruit-sec, apple1)"": ""false"", ""has-product(fruit-sec, apple2)"": ""false"", ""connected(fruit-sec, veg-sec)"": ""true"", ""connected(veg-sec, fruit-sec)"": ""true"", ""connected(veg-sec, scale-sec)"": ""true"", ""connected(scale-sec, veg-sec)"": ""true"", ""scale-at(main-scale, scale-sec)"": ""true"", ""has-product(veg-sec, potato1)"": ""true"", ""has-product(veg-sec, tomato1)"": ""true"", ""connected(fruit-sec, fruit-sec)"": ""false"", ""connected(scale-sec, fruit-sec)"": ""false"", ""connected(veg-sec, veg-sec)"": ""false"", ""connected(fruit-sec, scale-sec)"": ""false"", ""connected(scale-sec, scale-sec)"": ""false"", ""scale-at(main-scale, fruit-sec)"": ""false"", ""scale-at(main-scale, veg-sec)"": ""false"", ""has-product(veg-sec, apple1)"": ""false"", ""has-product(scale-sec, apple1)"": ""false"", ""has-product(veg-sec, apple2)"": ""false"", ""has-product(scale-sec, apple2)"": ""false"", ""has-product(fruit-sec, carrot1)"": ""false"", ""has-product(scale-sec, carrot1)"": ""false"", ""has-product(fruit-sec, potato1)"": ""false"", ""has-product(scale-sec, potato1)"": ""false"", ""has-product(fruit-sec, tomato1)"": ""false"", ""has-product(scale-sec, tomato1)"": ""false"", ""holding-left(clerk1, apple1)"": ""false"", ""holding-left(clerk1, carrot1)"": ""false"", ""holding-left(clerk1, potato1)"": ""false"", ""holding-left(clerk1, tomato1)"": ""false"", ""holding-right(clerk1, apple2)"": ""false"", ""holding-right(clerk1, potato1)"": ""false"", ""holding-right(clerk1, tomato1)"": ""false"", ""ready-to-weigh(carrot1)"": ""false"", ""ready-to-weigh(potato1)"": ""false"", ""ready-to-weigh(tomato1)"": ""false""}";place-on-scale-right;"[""clerk1"", ""potato1"", ""scale-sec"", ""main-scale""]";False;None
"{""right-hand-free(clerk1)"": ""true"", ""holding-right(clerk1, carrot1)"": ""false"", ""ready-to-weigh(carrot1)"": ""true"", ""at(clerk1, veg-sec)"": ""false"", ""at(clerk1, scale-sec)"": ""true"", ""has-product(veg-sec, carrot1)"": ""false"", ""holding-right(clerk1, apple1)"": ""false"", ""ready-to-weigh(apple1)"": ""true"", ""left-hand-free(clerk1)"": ""true"", ""holding-left(clerk1, apple2)"": ""false"", ""ready-to-weigh(apple2)"": ""true"", ""at(clerk1, fruit-sec)"": ""false"", ""has-product(fruit-sec, apple1)"": ""false"", ""has-product(fruit-sec, apple2)"": ""false"", ""connected(fruit-sec, veg-sec)"": ""true"", ""connected(veg-sec, fruit-sec)"": ""true"", ""connected(veg-sec, scale-sec)"": ""true"", ""connected(scale-sec, veg-sec)"": ""true"", ""scale-at(main-scale, scale-sec)"": ""true"", ""has-product(veg-sec, potato1)"": ""true"", ""has-product(veg-sec, tomato1)"": ""true"", ""connected(fruit-sec, fruit-sec)"": ""false"", ""connected(scale-sec, fruit-sec)"": ""false"", ""connected(veg-sec, veg-sec)"": ""false"", ""connected(fruit-sec, scale-sec)"": ""false"", ""connected(scale-sec, scale-sec)"": ""false"", ""scale-at(main-scale, fruit-sec)"": ""false"", ""scale-at(main-scale, veg-sec)"": ""false"", ""has-product(veg-sec, apple1)"": ""false"", ""has-product(scale-sec, apple1)"": ""false"", ""has-product(veg-sec, apple2)"": ""false"", ""has-product(scale-sec, apple2)"": ""false"", ""has-product(fruit-sec, carrot1)"": ""false"", ""has-product(scale-sec, carrot1)"": ""false"", ""has-product(fruit-sec, potato1)"": ""false"", ""has-product(scale-sec, potato1)"": ""false"", ""has-product(fruit-sec, tomato1)"": ""false"", ""has-product(scale-sec, tomato1)"": ""false"", ""holding-left(clerk1, apple1)"": ""false"", ""holding-left(clerk1, carrot1)"": ""false"", ""holding-left(clerk1, potato1)"": ""false"", ""holding-left(clerk1, tomato1)"": ""false"", ""holding-right(clerk1, apple2)"": ""false"", ""holding-right(clerk1, potato1)"": ""false"", ""holding-right(clerk1, tomato1)"": ""false"", ""ready-to-weigh(potato1)"": ""false"", ""ready-to-weigh(tomato1)"": ""false""}";move;"[""clerk1"", ""scale-sec"", ""veg-sec""]";True;"{""at(clerk1, scale-sec)"": ""false"", ""at(clerk1, veg-sec)"": ""true"", ""right-hand-free(clerk1)"": ""true"", ""holding-right(clerk1, carrot1)"": ""false"", ""ready-to-weigh(carrot1)"": ""true"", ""has-product(veg-sec, carrot1)"": ""false"", ""holding-right(clerk1, apple1)"": ""false"", ""ready-to-weigh(apple1)"": ""true"", ""left-hand-free(clerk1)"": ""true"", ""holding-left(clerk1, apple2)"": ""false"", ""ready-to-weigh(apple2)"": ""true"", ""at(clerk1, fruit-sec)"": ""false"", ""has-product(fruit-sec, apple1)"": ""false"", ""has-product(fruit-sec, apple2)"": ""false"", ""connected(fruit-sec, veg-sec)"": ""true"", ""connected(veg-sec, fruit-sec)"": ""true"", ""connected(veg-sec, scale-sec)"": ""true"", ""connected(scale-sec, veg-sec)"": ""true"", ""scale-at(main-scale, scale-sec)"": ""true"", ""has-product(veg-sec, potato1)"": ""true"", ""has-product(veg-sec, tomato1)"": ""true"", ""connected(fruit-sec, fruit-sec)"": ""false"", ""connected(scale-sec, fruit-sec)"": ""false"", ""connected(veg-sec, veg-sec)"": ""false"", ""connected(fruit-sec, scale-sec)"": ""false"", ""connected(scale-sec, scale-sec)"": ""false"", ""scale-at(main-scale, fruit-sec)"": ""false"", ""scale-at(main-scale, veg-sec)"": ""false"", ""has-product(veg-sec, apple1)"": ""false"", ""has-product(scale-sec, apple1)"": ""false"", ""has-product(veg-sec, apple2)"": ""false"", ""has-product(scale-sec, apple2)"": ""false"", ""has-product(fruit-sec, carrot1)"": ""false"", ""has-product(scale-sec, carrot1)"": ""false"", ""has-product(fruit-sec, potato1)"": ""false"", ""has-product(scale-sec, potato1)"": ""false"", ""has-product(fruit-sec, tomato1)"": ""false"", ""has-product(scale-sec, tomato1)"": ""false"", ""holding-left(clerk1, apple1)"": ""false"", ""holding-left(clerk1, carrot1)"": ""false"", ""holding-left(clerk1, potato1)"": ""false"", ""holding-left(clerk1, tomato1)"": ""false"", ""holding-right(clerk1, apple2)"": ""false"", ""holding-right(clerk1, potato1)"": ""false"", ""holding-right(clerk1, tomato1)"": ""false"", ""ready-to-weigh(potato1)"": ""false"", ""ready-to-weigh(tomato1)"": ""false""}"
"{""right-hand-free(clerk1)"": ""true"", ""holding-right(clerk1, carrot1)"": ""false"", ""ready-to-weigh(carrot1)"": ""true"", ""at(clerk1, veg-sec)"": ""false"", ""at(clerk1, scale-sec)"": ""true"", ""has-product(veg-sec, carrot1)"": ""false"", ""holding-right(clerk1, apple1)"": ""false"", ""ready-to-weigh(apple1)"": ""true"", ""left-hand-free(clerk1)"": ""true"", ""holding-left(clerk1, apple2)"": ""false"", ""ready-to-weigh(apple2)"": ""true"", ""at(clerk1, fruit-sec)"": ""false"", ""has-product(fruit-sec, apple1)"": ""false"", ""has-product(fruit-sec, apple2)"": ""false"", ""connected(fruit-sec, veg-sec)"": ""true"", ""connected(veg-sec, fruit-sec)"": ""true"", ""connected(veg-sec, scale-sec)"": ""true"", ""connected(scale-sec, veg-sec)"": ""true"", ""scale-at(main-scale, scale-sec)"": ""true"", ""has-product(veg-sec, potato1)"": ""true"", ""has-product(veg-sec, tomato1)"": ""true"", ""connected(fruit-sec, fruit-sec)"": ""false"", ""connected(scale-sec, fruit-sec)"": ""false"", ""connected(veg-sec, veg-sec)"": ""false"", ""connected(fruit-sec, scale-sec)"": ""false"", ""connected(scale-sec, scale-sec)"": ""false"", ""scale-at(main-scale, fruit-sec)"": ""false"", ""scale-at(main-scale, veg-sec)"": ""false"", ""has-product(veg-sec, apple1)"": ""false"", ""has-product(scale-sec, apple1)"": ""false"", ""has-product(veg-sec, apple2)"": ""false"", ""has-product(scale-sec, apple2)"": ""false"", ""has-product(fruit-sec, carrot1)"": ""false"", ""has-product(scale-sec, carrot1)"": ""false"", ""has-product(fruit-sec, potato1)"": ""false"", ""has-product(scale-sec, potato1)"": ""false"", ""has-product(fruit-sec, tomato1)"": ""false"", ""has-product(scale-sec, tomato1)"": ""false"", ""holding-left(clerk1, apple1)"": ""false"", ""holding-left(clerk1, carrot1)"": ""false"", ""holding-left(clerk1, potato1)"": ""false"", ""holding-left(clerk1, tomato1)"": ""false"", ""holding-right(clerk1, apple2)"": ""false"", ""holding-right(clerk1, potato1)"": ""false"", ""holding-right(clerk1, tomato1)"": ""false"", ""ready-to-weigh(potato1)"": ""false"", ""ready-to-weigh(tomato1)"": ""false""}";place-on-scale-left;"[""clerk1"", ""tomato1"", ""fruit-sec"", ""main-scale""]";False;None
"{""right-hand-free(clerk1)"": ""true"", ""holding-right(clerk1, carrot1)"": ""false"", ""ready-to-weigh(carrot1)"": ""true"", ""at(clerk1, veg-sec)"": ""false"", ""at(clerk1, scale-sec)"": ""true"", ""has-product(veg-sec, carrot1)"": ""false"", ""holding-right(clerk1, apple1)"": ""false"", ""ready-to-weigh(apple1)"": ""true"", ""left-hand-free(clerk1)"": ""true"", ""holding-left(clerk1, apple2)"": ""false"", ""ready-to-weigh(apple2)"": ""true"", ""at(clerk1, fruit-sec)"": ""false"", ""has-product(fruit-sec, apple1)"": ""false"", ""has-product(fruit-sec, apple2)"": ""false"", ""connected(fruit-sec, veg-sec)"": ""true"", ""connected(veg-sec, fruit-sec)"": ""true"", ""connected(veg-sec, scale-sec)"": ""true"", ""connected(scale-sec, veg-sec)"": ""true"", ""scale-at(main-scale, scale-sec)"": ""true"", ""has-product(veg-sec, potato1)"": ""true"", ""has-product(veg-sec, tomato1)"": ""true"", ""connected(fruit-sec, fruit-sec)"": ""false"", ""connected(scale-sec, fruit-sec)"": ""false"", ""connected(veg-sec, veg-sec)"": ""false"", ""connected(fruit-sec, scale-sec)"": ""false"", ""connected(scale-sec, scale-sec)"": ""false"", ""scale-at(main-scale, fruit-sec)"": ""false"", ""scale-at(main-scale, veg-sec)"": ""false"", ""has-product(veg-sec, apple1)"": ""false"", ""has-product(scale-sec, apple1)"": ""false"", ""has-product(veg-sec, apple2)"": ""false"", ""has-product(scale-sec, apple2)"": ""false"", ""has-product(fruit-sec, carrot1)"": ""false"", ""has-product(scale-sec, carrot1)"": ""false"", ""has-product(fruit-sec, potato1)"": ""false"", ""has-product(scale-sec, potato1)"": ""false"", ""has-product(fruit-sec, tomato1)"": ""false"", ""has-product(scale-sec, tomato1)"": ""false"", ""holding-left(clerk1, apple1)"": ""false"", ""holding-left(clerk1, carrot1)"": ""false"", ""holding-left(clerk1, potato1)"": ""false"", ""holding-left(clerk1, tomato1)"": ""false"", ""holding-right(clerk1, apple2)"": ""false"", ""holding-right(clerk1, potato1)"": ""false"", ""holding-right(clerk1, tomato1)"": ""false"", ""ready-to-weigh(potato1)"": ""false"", ""ready-to-weigh(tomato1)"": ""false""}";place-on-scale-left;"[""clerk1"", ""apple1"", ""fruit-sec"", ""main-scale""]";False;None
"{""at(clerk1, scale-sec)"": ""false"", ""at(clerk1, veg-sec)"": ""true"", ""right-hand-free(clerk1)"": ""true"", ""holding-right(clerk1, carrot1)"": ""false"", ""ready-to-weigh(carrot1)"": ""true"", ""has-product(veg-sec, carrot1)"": ""false"", ""holding-right(clerk1, apple1)"": ""false"", ""ready-to-weigh(apple1)"": ""true"", ""left-hand-free(clerk1)"": ""true"", ""holding-left(clerk1, apple2)"": ""false"", ""ready-to-weigh(apple2)"": ""true"", ""at(clerk1, fruit-sec)"": ""false"", ""has-product(fruit-sec, apple1)"": ""false"", ""has-product(fruit-sec, apple2)"": ""false"", ""connected(fruit-sec, veg-sec)"": ""true"", ""connected(veg-sec, fruit-sec)"": ""true"", ""connected(veg-sec, scale-sec)"": ""true"", ""connected(scale-sec, veg-sec)"": ""true"", ""scale-at(main-scale, scale-sec)"": ""true"", ""has-product(veg-sec, potato1)"": ""true"", ""has-product(veg-sec, tomato1)"": ""true"", ""connected(fruit-sec, fruit-sec)"": ""false"", ""connected(scale-sec, fruit-sec)"": ""false"", ""connected(veg-sec, veg-sec)"": ""false"", ""connected(fruit-sec, scale-sec)"": ""false"", ""connected(scale-sec, scale-sec)"": ""false"", ""scale-at(main-scale, fruit-sec)"": ""false"", ""scale-at(main-scale, veg-sec)"": ""false"", ""has-product(veg-sec, apple1)"": ""false"", ""has-product(scale-sec, apple1)"": ""false"", ""has-product(veg-sec, apple2)"": ""false"", ""has-product(scale-sec, apple2)"": ""false"", ""has-product(fruit-sec, carrot1)"": ""false"", ""has-product(scale-sec, carrot1)"": ""false"", ""has-product(fruit-sec, potato1)"": ""false"", ""has-product(scale-sec, potato1)"": ""false"", ""has-product(fruit-sec, tomato1)"": ""false"", ""has-product(scale-sec, tomato1)"": ""false"", ""holding-left(clerk1, apple1)"": ""false"", ""holding-left(clerk1, carrot1)"": ""false"", ""holding-left(clerk1, potato1)"": ""false"", ""holding-left(clerk1, tomato1)"": ""false"", ""holding-right(clerk1, apple2)"": ""false"", ""holding-right(clerk1, potato1)"": ""false"", ""holding-right(clerk1, tomato1)"": ""false"", ""ready-to-weigh(potato1)"": ""false"", ""ready-to-weigh(tomato1)"": ""false""}";pick-up-right;"[""clerk1"", ""veg-sec"", ""potato1""]";True;"{""has-product(veg-sec, potato1)"": ""false"", ""right-hand-free(clerk1)"": ""false"", ""holding-right(clerk1, potato1)"": ""true"", ""at(clerk1, scale-sec)"": ""false"", ""at(clerk1, veg-sec)"": ""true"", ""holding-right(clerk1, carrot1)"": ""false"", ""ready-to-weigh(carrot1)"": ""true"", ""has-product(veg-sec, carrot1)"": ""false"", ""holding-right(clerk1, apple1)"": ""false"", ""ready-to-weigh(apple1)"": ""true"", ""left-hand-free(clerk1)"": ""true"", ""holding-left(clerk1, apple2)"": ""false"", ""ready-to-weigh(apple2)"": ""true"", ""at(clerk1, fruit-sec)"": ""false"", ""has-product(fruit-sec, apple1)"": ""false"", ""has-product(fruit-sec, apple2)"": ""false"", ""connected(fruit-sec, veg-sec)"": ""true"", ""connected(veg-sec, fruit-sec)"": ""true"", ""connected(veg-sec, scale-sec)"": ""true"", ""connected(scale-sec, veg-sec)"": ""true"", ""scale-at(main-scale, scale-sec)"": ""true"", ""has-product(veg-sec, tomato1)"": ""true"", ""connected(fruit-sec, fruit-sec)"": ""false"", ""connected(scale-sec, fruit-sec)"": ""false"", ""connected(veg-sec, veg-sec)"": ""false"", ""connected(fruit-sec, scale-sec)"": ""false"", ""connected(scale-sec, scale-sec)"": ""false"", ""scale-at(main-scale, fruit-sec)"": ""false"", ""scale-at(main-scale, veg-sec)"": ""false"", ""has-product(veg-sec, apple1)"": ""false"", ""has-product(scale-sec, apple1)"": ""false"", ""has-product(veg-sec, apple2)"": ""false"", ""has-product(scale-sec, apple2)"": ""false"", ""has-product(fruit-sec, carrot1)"": ""false"", ""has-product(scale-sec, carrot1)"": ""false"", ""has-product(fruit-sec, potato1)"": ""false"", ""has-product(scale-sec, potato1)"": ""false"", ""has-product(fruit-sec, tomato1)"": ""false"", ""has-product(scale-sec, tomato1)"": ""false"", ""holding-left(clerk1, apple1)"": ""false"", ""holding-left(clerk1, carrot1)"": ""false"", ""holding-left(clerk1, potato1)"": ""false"", ""holding-left(clerk1, tomato1)"": ""false"", ""holding-right(clerk1, apple2)"": ""false"", ""holding-right(clerk1, tomato1)"": ""false"", ""ready-to-weigh(potato1)"": ""false"", ""ready-to-weigh(tomato1)"": ""false""}"
"{""at(clerk1, scale-sec)"": ""false"", ""at(clerk1, veg-sec)"": ""true"", ""right-hand-free(clerk1)"": ""true"", ""holding-right(clerk1, carrot1)"": ""false"", ""ready-to-weigh(carrot1)"": ""true"", ""has-product(veg-sec, carrot1)"": ""false"", ""holding-right(clerk1, apple1)"": ""false"", ""ready-to-weigh(apple1)"": ""true"", ""left-hand-free(clerk1)"": ""true"", ""holding-left(clerk1, apple2)"": ""false"", ""ready-to-weigh(apple2)"": ""true"", ""at(clerk1, fruit-sec)"": ""false"", ""has-product(fruit-sec, apple1)"": ""false"", ""has-product(fruit-sec, apple2)"": ""false"", ""connected(fruit-sec, veg-sec)"": ""true"", ""connected(veg-sec, fruit-sec)"": ""true"", ""connected(veg-sec, scale-sec)"": ""true"", ""connected(scale-sec, veg-sec)"": ""true"", ""scale-at(main-scale, scale-sec)"": ""true"", ""has-product(veg-sec, potato1)"": ""true"", ""has-product(veg-sec, tomato1)"": ""true"", ""connected(fruit-sec, fruit-sec)"": ""false"", ""connected(scale-sec, fruit-sec)"": ""false"", ""connected(veg-sec, veg-sec)"": ""false"", ""connected(fruit-sec, scale-sec)"": ""false"", ""connected(scale-sec, scale-sec)"": ""false"", ""scale-at(main-scale, fruit-sec)"": ""false"", ""scale-at(main-scale, veg-sec)"": ""false"", ""has-product(veg-sec, apple1)"": ""false"", ""has-product(scale-sec, apple1)"": ""false"", ""has-product(veg-sec, apple2)"": ""false"", ""has-product(scale-sec, apple2)"": ""false"", ""has-product(fruit-sec, carrot1)"": ""false"", ""has-product(scale-sec, carrot1)"": ""false"", ""has-product(fruit-sec, potato1)"": ""false"", ""has-product(scale-sec, potato1)"": ""false"", ""has-product(fruit-sec, tomato1)"": ""false"", ""has-product(scale-sec, tomato1)"": ""false"", ""holding-left(clerk1, apple1)"": ""false"", ""holding-left(clerk1, carrot1)"": ""false"", ""holding-left(clerk1, potato1)"": ""false"", ""holding-left(clerk1, tomato1)"": ""false"", ""holding-right(clerk1, apple2)"": ""false"", ""holding-right(clerk1, potato1)"": ""false"", ""holding-right(clerk1, tomato1)"": ""false"", ""ready-to-weigh(potato1)"": ""false"", ""ready-to-weigh(tomato1)"": ""false""}";place-on-scale-right;"[""clerk1"", ""carrot1"", ""veg-sec"", ""main-scale""]";False;None
"{""at(clerk1, scale-sec)"": ""false"", ""at(clerk1, veg-sec)"": ""true"", ""right-hand-free(clerk1)"": ""true"", ""holding-right(clerk1, carrot1)"": ""false"", ""ready-to-weigh(carrot1)"": ""true"", ""has-product(veg-sec, carrot1)"": ""false"", ""holding-right(clerk1, apple1)"": ""false"", ""ready-to-weigh(apple1)"": ""true"", ""left-hand-free(clerk1)"": ""true"", ""holding-left(clerk1, apple2)"": ""false"", ""ready-to-weigh(apple2)"": ""true"", ""at(clerk1, fruit-sec)"": ""false"", ""has-product(fruit-sec, apple1)"": ""false"", ""has-product(fruit-sec, apple2)"": ""false"", ""connected(fruit-sec, veg-sec)"": ""true"", ""connected(veg-sec, fruit-sec)"": ""true"", ""connected(veg-sec, scale-sec)"": ""true"", ""connected(scale-sec, veg-sec)"": ""true"", ""scale-at(main-scale, scale-sec)"": ""true"", ""has-product(veg-sec, potato1)"": ""true"", ""has-product(veg-sec, tomato1)"": ""true"", ""connected(fruit-sec, fruit-sec)"": ""false"", ""connected(scale-sec, fruit-sec)"": ""false"", ""connected(veg-sec, veg-sec)"": ""false"", ""connected(fruit-sec, scale-sec)"": ""false"", ""connected(scale-sec, scale-sec)"": ""false"", ""scale-at(main-scale, fruit-sec)"": ""false"", ""scale-at(main-scale, veg-sec)"": ""false"", ""has-product(veg-sec, apple1)"": ""false"", ""has-product(scale-sec, apple1)"": ""false"", ""has-product(veg-sec, apple2)"": ""false"", ""has-product(scale-sec, apple2)"": ""false"", ""has-product(fruit-sec, carrot1)"": ""false"", ""has-product(scale-sec, carrot1)"": ""false"", ""has-product(fruit-sec, potato1)"": ""false"", ""has-product(scale-sec, potato1)"": ""false"", ""has-product(fruit-sec, tomato1)"": ""false"", ""has-product(scale-sec, tomato1)"": ""false"", ""holding-left(clerk1, apple1)"": ""false"", ""holding-left(clerk1, carrot1)"": ""false"", ""holding-left(clerk1, potato1)"": ""false"", ""holding-left(clerk1, tomato1)"": ""false"", ""holding-right(clerk1, apple2)"": ""false"", ""holding-right(clerk1, potato1)"": ""false"", ""holding-right(clerk1, tomato1)"": ""false"", ""ready-to-weigh(potato1)"": ""false"", ""ready-to-weigh(tomato1)"": ""false""}";pick-up-left;"[""clerk1"", ""scale-sec"", ""potato1""]";False;None
"{""has-product(veg-sec, potato1)"": ""false"", ""right-hand-free(clerk1)"": ""false"", ""holding-right(clerk1, potato1)"": ""true"", ""at(clerk1, scale-sec)"": ""false"", ""at(clerk1, veg-sec)"": ""true"", ""holding-right(clerk1, carrot1)"": ""false"", ""ready-to-weigh(carrot1)"": ""true"", ""has-product(veg-sec, carrot1)"": ""false"", ""holding-right(clerk1, apple1)"": ""false"", ""ready-to-weigh(apple1)"": ""true"", ""left-hand-free(clerk1)"": ""true"", ""holding-left(clerk1, apple2)"": ""false"", ""ready-to-weigh(apple2)"": ""true"", ""at(clerk1, fruit-sec)"": ""false"", ""has-product(fruit-sec, apple1)"": ""false"", ""has-product(fruit-sec, apple2)"": ""false"", ""connected(fruit-sec, veg-sec)"": ""true"", ""connected(veg-sec, fruit-sec)"": ""true"", ""connected(veg-sec, scale-sec)"": ""true"", ""connected(scale-sec, veg-sec)"": ""true"", ""scale-at(main-scale, scale-sec)"": ""true"", ""has-product(veg-sec, tomato1)"": ""true"", ""connected(fruit-sec, fruit-sec)"": ""false"", ""connected(scale-sec, fruit-sec)"": ""false"", ""connected(veg-sec, veg-sec)"": ""false"", ""connected(fruit-sec, scale-sec)"": ""false"", ""connected(scale-sec, scale-sec)"": ""false"", ""scale-at(main-scale, fruit-sec)"": ""false"", ""scale-at(main-scale, veg-sec)"": ""false"", ""has-product(veg-sec, apple1)"": ""false"", ""has-product(scale-sec, apple1)"": ""false"", ""has-product(veg-sec, apple2)"": ""false"", ""has-product(scale-sec, apple2)"": ""false"", ""has-product(fruit-sec, carrot1)"": ""false"", ""has-product(scale-sec, carrot1)"": ""false"", ""has-product(fruit-sec, potato1)"": ""false"", ""has-product(scale-sec, potato1)"": ""false"", ""has-product(fruit-sec, tomato1)"": ""false"", ""has-product(scale-sec, tomato1)"": ""false"", ""holding-left(clerk1, apple1)"": ""false"", ""holding-left(clerk1, carrot1)"": ""false"", ""holding-left(clerk1, potato1)"": ""false"", ""holding-left(clerk1, tomato1)"": ""false"", ""holding-right(clerk1, apple2)"": ""false"", ""holding-right(clerk1, tomato1)"": ""false"", ""ready-to-weigh(potato1)"": ""false"", ""ready-to-weigh(tomato1)"": ""false""}";pick-up-left;"[""clerk1"", ""veg-sec"", ""tomato1""]";True;"{""has-product(veg-sec, tomato1)"": ""false"", ""left-hand-free(clerk1)"": ""false"", ""holding-left(clerk1, tomato1)"": ""true"", ""has-product(veg-sec, potato1)"": ""false"", ""right-hand-free(clerk1)"": ""false"", ""holding-right(clerk1, potato1)"": ""true"", ""at(clerk1, scale-sec)"": ""false"", ""at(clerk1, veg-sec)"": ""true"", ""holding-right(clerk1, carrot1)"": ""false"", ""ready-to-weigh(carrot1)"": ""true"", ""has-product(veg-sec, carrot1)"": ""false"", ""holding-right(clerk1, apple1)"": ""false"", ""ready-to-weigh(apple1)"": ""true"", ""holding-left(clerk1, apple2)"": ""false"", ""ready-to-weigh(apple2)"": ""true"", ""at(clerk1, fruit-sec)"": ""false"", ""has-product(fruit-sec, apple1)"": ""false"", ""has-product(fruit-sec, apple2)"": ""false"", ""connected(fruit-sec, veg-sec)"": ""true"", ""connected(veg-sec, fruit-sec)"": ""true"", ""connected(veg-sec, scale-sec)"": ""true"", ""connected(scale-sec, veg-sec)"": ""true"", ""scale-at(main-scale, scale-sec)"": ""true"", ""connected(fruit-sec, fruit-sec)"": ""false"", ""connected(scale-sec, fruit-sec)"": ""false"", ""connected(veg-sec, veg-sec)"": ""false"", ""connected(fruit-sec, scale-sec)"": ""false"", ""connected(scale-sec, scale-sec)"": ""false"", ""scale-at(main-scale, fruit-sec)"": ""false"", ""scale-at(main-scale, veg-sec)"": ""false"", ""has-product(veg-sec, apple1)"": ""false"", ""has-product(scale-sec, apple1)"": ""false"", ""has-product(veg-sec, apple2)"": ""false"", ""has-product(scale-sec, apple2)"": ""false"", ""has-product(fruit-sec, carrot1)"": ""false"", ""has-product(scale-sec, carrot1)"": ""false"", ""has-product(fruit-sec, potato1)"": ""false"", ""has-product(scale-sec, potato1)"": ""false"", ""has-product(fruit-sec, tomato1)"": ""false"", ""has-product(scale-sec, tomato1)"": ""false"", ""holding-left(clerk1, apple1)"": ""false"", ""holding-left(clerk1, carrot1)"": ""false"", ""holding-left(clerk1, potato1)"": ""false"", ""holding-right(clerk1, apple2)"": ""false"", ""holding-right(clerk1, tomato1)"": ""false"", ""ready-to-weigh(potato1)"": ""false"", ""ready-to-weigh(tomato1)"": ""false""}"
"{""has-product(veg-sec, potato1)"": ""false"", ""right-hand-free(clerk1)"": ""false"", ""holding-right(clerk1, potato1)"": ""true"", ""at(clerk1, scale-sec)"": ""false"", ""at(clerk1, veg-sec)"": ""true"", ""holding-right(clerk1, carrot1)"": ""false"", ""ready-to-weigh(carrot1)"": ""true"", ""has-product(veg-sec, carrot1)"": ""false"", ""holding-right(clerk1, apple1)"": ""false"", ""ready-to-weigh(apple1)"": ""true"", ""left-hand-free(clerk1)"": ""true"", ""holding-left(clerk1, apple2)"": ""false"", ""ready-to-weigh(apple2)"": ""true"", ""at(clerk1, fruit-sec)"": ""false"", ""has-product(fruit-sec, apple1)"": ""false"", ""has-product(fruit-sec, apple2)"": ""false"", ""connected(fruit-sec, veg-sec)"": ""true"", ""connected(veg-sec, fruit-sec)"": ""true"", ""connected(veg-sec, scale-sec)"": ""true"", ""connected(scale-sec, veg-sec)"": ""true"", ""scale-at(main-scale, scale-sec)"": ""true"", ""has-product(veg-sec, tomato1)"": ""true"", ""connected(fruit-sec, fruit-sec)"": ""false"", ""connected(scale-sec, fruit-sec)"": ""false"", ""connected(veg-sec, veg-sec)"": ""false"", ""connected(fruit-sec, scale-sec)"": ""false"", ""connected(scale-sec, scale-sec)"": ""false"", ""scale-at(main-scale, fruit-sec)"": ""false"", ""scale-at(main-scale, veg-sec)"": ""false"", ""has-product(veg-sec, apple1)"": ""false"", ""has-product(scale-sec, apple1)"": ""false"", ""has-product(veg-sec, apple2)"": ""false"", ""has-product(scale-sec, apple2)"": ""false"", ""has-product(fruit-sec, carrot1)"": ""false"", ""has-product(scale-sec, carrot1)"": ""false"", ""has-product(fruit-sec, potato1)"": ""false"", ""has-product(scale-sec, potato1)"": ""false"", ""has-product(fruit-sec, tomato1)"": ""false"", ""has-product(scale-sec, tomato1)"": ""false"", ""holding-left(clerk1, apple1)"": ""false"", ""holding-left(clerk1, carrot1)"": ""false"", ""holding-left(clerk1, potato1)"": ""false"", ""holding-left(clerk1, tomato1)"": ""false"", ""holding-right(clerk1, apple2)"": ""false"", ""holding-right(clerk1, tomato1)"": ""false"", ""ready-to-weigh(potato1)"": ""false"", ""ready-to-weigh(tomato1)"": ""false""}";pick-up-right;"[""clerk1"", ""scale-sec"", ""carrot1""]";False;None
"{""has-product(veg-sec, potato1)"": ""false"", ""right-hand-free(clerk1)"": ""false"", ""holding-right(clerk1, potato1)"": ""true"", ""at(clerk1, scale-sec)"": ""false"", ""at(clerk1, veg-sec)"": ""true"", ""holding-right(clerk1, carrot1)"": ""false"", ""ready-to-weigh(carrot1)"": ""true"", ""has-product(veg-sec, carrot1)"": ""false"", ""holding-right(clerk1, apple1)"": ""false"", ""ready-to-weigh(apple1)"": ""true"", ""left-hand-free(clerk1)"": ""true"", ""holding-left(clerk1, apple2)"": ""false"", ""ready-to-weigh(apple2)"": ""true"", ""at(clerk1, fruit-sec)"": ""false"", ""has-product(fruit-sec, apple1)"": ""false"", ""has-product(fruit-sec, apple2)"": ""false"", ""connected(fruit-sec, veg-sec)"": ""true"", ""connected(veg-sec, fruit-sec)"": ""true"", ""connected(veg-sec, scale-sec)"": ""true"", ""connected(scale-sec, veg-sec)"": ""true"", ""scale-at(main-scale, scale-sec)"": ""true"", ""has-product(veg-sec, tomato1)"": ""true"", ""connected(fruit-sec, fruit-sec)"": ""false"", ""connected(scale-sec, fruit-sec)"": ""false"", ""connected(veg-sec, veg-sec)"": ""false"", ""connected(fruit-sec, scale-sec)"": ""false"", ""connected(scale-sec, scale-sec)"": ""false"", ""scale-at(main-scale, fruit-sec)"": ""false"", ""scale-at(main-scale, veg-sec)"": ""false"", ""has-product(veg-sec, apple1)"": ""false"", ""has-product(scale-sec, apple1)"": ""false"", ""has-product(veg-sec, apple2)"": ""false"", ""has-product(scale-sec, apple2)"": ""false"", ""has-product(fruit-sec, carrot1)"": ""false"", ""has-product(scale-sec, carrot1)"": ""false"", ""has-product(fruit-sec, potato1)"": ""false"", ""has-product(scale-sec, potato1)"": ""false"", ""has-product(fruit-sec, tomato1)"": ""false"", ""has-product(scale-sec, tomato1)"": ""false"", ""holding-left(clerk1, apple1)"": ""false"", ""holding-left(clerk1, carrot1)"": ""false"", ""holding-left(clerk1, potato1)"": ""false"", ""holding-left(clerk1, tomato1)"": ""false"", ""holding-right(clerk1, apple2)"": ""false"", ""holding-right(clerk1, tomato1)"": ""false"", ""ready-to-weigh(potato1)"": ""false"", ""ready-to-weigh(tomato1)"": ""false""}";place-on-scale-left;"[""clerk1"", ""tomato1"", ""scale-sec"", ""main-scale""]";False;None
"{""has-product(veg-sec, tomato1)"": ""false"", ""left-hand-free(clerk1)"": ""false"", ""holding-left(clerk1, tomato1)"": ""true"", ""has-product(veg-sec, potato1)"": ""false"", ""right-hand-free(clerk1)"": ""false"", ""holding-right(clerk1, potato1)"": ""true"", ""at(clerk1, scale-sec)"": ""false"", ""at(clerk1, veg-sec)"": ""true"", ""holding-right(clerk1, carrot1)"": ""false"", ""ready-to-weigh(carrot1)"": ""true"", ""has-product(veg-sec, carrot1)"": ""false"", ""holding-right(clerk1, apple1)"": ""false"", ""ready-to-weigh(apple1)"": ""true"", ""holding-left(clerk1, apple2)"": ""false"", ""ready-to-weigh(apple2)"": ""true"", ""at(clerk1, fruit-sec)"": ""false"", ""has-product(fruit-sec, apple1)"": ""false"", ""has-product(fruit-sec, apple2)"": ""false"", ""connected(fruit-sec, veg-sec)"": ""true"", ""connected(veg-sec, fruit-sec)"": ""true"", ""connected(veg-sec, scale-sec)"": ""true"", ""connected(scale-sec, veg-sec)"": ""true"", ""scale-at(main-scale, scale-sec)"": ""true"", ""connected(fruit-sec, fruit-sec)"": ""false"", ""connected(scale-sec, fruit-sec)"": ""false"", ""connected(veg-sec, veg-sec)"": ""false"", ""connected(fruit-sec, scale-sec)"": ""false"", ""connected(scale-sec, scale-sec)"": ""false"", ""scale-at(main-scale, fruit-sec)"": ""false"", ""scale-at(main-scale, veg-sec)"": ""false"", ""has-product(veg-sec, apple1)"": ""false"", ""has-product(scale-sec, apple1)"": ""false"", ""has-product(veg-sec, apple2)"": ""false"", ""has-product(scale-sec, apple2)"": ""false"", ""has-product(fruit-sec, carrot1)"": ""false"", ""has-product(scale-sec, carrot1)"": ""false"", ""has-product(fruit-sec, potato1)"": ""false"", ""has-product(scale-sec, potato1)"": ""false"", ""has-product(fruit-sec, tomato1)"": ""false"", ""has-product(scale-sec, tomato1)"": ""false"", ""holding-left(clerk1, apple1)"": ""false"", ""holding-left(clerk1, carrot1)"": ""false"", ""holding-left(clerk1, potato1)"": ""false"", ""holding-right(clerk1, apple2)"": ""false"", ""holding-right(clerk1, tomato1)"": ""false"", ""ready-to-weigh(potato1)"": ""false"", ""ready-to-weigh(tomato1)"": ""false""}";move;"[""clerk1"", ""veg-sec"", ""scale-sec""]";True;"{""at(clerk1, veg-sec)"": ""false"", ""at(clerk1, scale-sec)"": ""true"", ""has-product(veg-sec, tomato1)"": ""false"", ""left-hand-free(clerk1)"": ""false"", ""holding-left(clerk1, tomato1)"": ""true"", ""has-product(veg-sec, potato1)"": ""false"", ""right-hand-free(clerk1)"": ""false"", ""holding-right(clerk1, potato1)"": ""true"", ""holding-right(clerk1, carrot1)"": ""false"", ""ready-to-weigh(carrot1)"": ""true"", ""has-product(veg-sec, carrot1)"": ""false"", ""holding-right(clerk1, apple1)"": ""false"", ""ready-to-weigh(apple1)"": ""true"", ""holding-left(clerk1, apple2)"": ""false"", ""ready-to-weigh(apple2)"": ""true"", ""at(clerk1, fruit-sec)"": ""false"", ""has-product(fruit-sec, apple1)"": ""false"", ""has-product(fruit-sec, apple2)"": ""false"", ""connected(fruit-sec, veg-sec)"": ""true"", ""connected(veg-sec, fruit-sec)"": ""true"", ""connected(veg-sec, scale-sec)"": ""true"", ""connected(scale-sec, veg-sec)"": ""true"", ""scale-at(main-scale, scale-sec)"": ""true"", ""connected(fruit-sec, fruit-sec)"": ""false"", ""connected(scale-sec, fruit-sec)"": ""false"", ""connected(veg-sec, veg-sec)"": ""false"", ""connected(fruit-sec, scale-sec)"": ""false"", ""connected(scale-sec, scale-sec)"": ""false"", ""scale-at(main-scale, fruit-sec)"": ""false"", ""scale-at(main-scale, veg-sec)"": ""false"", ""has-product(veg-sec, apple1)"": ""false"", ""has-product(scale-sec, apple1)"": ""false"", ""has-product(veg-sec, apple2)"": ""false"", ""has-product(scale-sec, apple2)"": ""false"", ""has-product(fruit-sec, carrot1)"": ""false"", ""has-product(scale-sec, carrot1)"": ""false"", ""has-product(fruit-sec, potato1)"": ""false"", ""has-product(scale-sec, potato1)"": ""false"", ""has-product(fruit-sec, tomato1)"": ""false"", ""has-product(scale-sec, tomato1)"": ""false"", ""holding-left(clerk1, apple1)"": ""false"", ""holding-left(clerk1, carrot1)"": ""false"", ""holding-left(clerk1, potato1)"": ""false"", ""holding-right(clerk1, apple2)"": ""false"", ""holding-right(clerk1, tomato1)"": ""false"", ""ready-to-weigh(potato1)"": ""false"", ""ready-to-weigh(tomato1)"": ""false""}"
"{""has-product(veg-sec, tomato1)"": ""false"", ""left-hand-free(clerk1)"": ""false"", ""holding-left(clerk1, tomato1)"": ""true"", ""has-product(veg-sec, potato1)"": ""false"", ""right-hand-free(clerk1)"": ""false"", ""holding-right(clerk1, potato1)"": ""true"", ""at(clerk1, scale-sec)"": ""false"", ""at(clerk1, veg-sec)"": ""true"", ""holding-right(clerk1, carrot1)"": ""false"", ""ready-to-weigh(carrot1)"": ""true"", ""has-product(veg-sec, carrot1)"": ""false"", ""holding-right(clerk1, apple1)"": ""false"", ""ready-to-weigh(apple1)"": ""true"", ""holding-left(clerk1, apple2)"": ""false"", ""ready-to-weigh(apple2)"": ""true"", ""at(clerk1, fruit-sec)"": ""false"", ""has-product(fruit-sec, apple1)"": ""false"", ""has-product(fruit-sec, apple2)"": ""false"", ""connected(fruit-sec, veg-sec)"": ""true"", ""connected(veg-sec, fruit-sec)"": ""true"", ""connected(veg-sec, scale-sec)"": ""true"", ""connected(scale-sec, veg-sec)"": ""true"", ""scale-at(main-scale, scale-sec)"": ""true"", ""connected(fruit-sec, fruit-sec)"": ""false"", ""connected(scale-sec, fruit-sec)"": ""false"", ""connected(veg-sec, veg-sec)"": ""false"", ""connected(fruit-sec, scale-sec)"": ""false"", ""connected(scale-sec, scale-sec)"": ""false"", ""scale-at(main-scale, fruit-sec)"": ""false"", ""scale-at(main-scale, veg-sec)"": ""false"", ""has-product(veg-sec, apple1)"": ""false"", ""has-product(scale-sec, apple1)"": ""false"", ""has-product(veg-sec, apple2)"": ""false"", ""has-product(scale-sec, apple2)"": ""false"", ""has-product(fruit-sec, carrot1)"": ""false"", ""has-product(scale-sec, carrot1)"": ""false"", ""has-product(fruit-sec, potato1)"": ""false"", ""has-product(scale-sec, potato1)"": ""false"", ""has-product(fruit-sec, tomato1)"": ""false"", ""has-product(scale-sec, tomato1)"": ""false"", ""holding-left(clerk1, apple1)"": ""false"", ""holding-left(clerk1, carrot1)"": ""false"", ""holding-left(clerk1, potato1)"": ""false"", ""holding-right(clerk1, apple2)"": ""false"", ""holding-right(clerk1, tomato1)"": ""false"", ""ready-to-weigh(potato1)"": ""false"", ""ready-to-weigh(tomato1)"": ""false""}";place-on-scale-left;"[""clerk1"", ""apple1"", ""scale-sec"", ""main-scale""]";False;None
"{""has-product(veg-sec, tomato1)"": ""false"", ""left-hand-free(clerk1)"": ""false"", ""holding-left(clerk1, tomato1)"": ""true"", ""has-product(veg-sec, potato1)"": ""false"", ""right-hand-free(clerk1)"": ""false"", ""holding-right(clerk1, potato1)"": ""true"", ""at(clerk1, scale-sec)"": ""false"", ""at(clerk1, veg-sec)"": ""true"", ""holding-right(clerk1, carrot1)"": ""false"", ""ready-to-weigh(carrot1)"": ""true"", ""has-product(veg-sec, carrot1)"": ""false"", ""holding-right(clerk1, apple1)"": ""false"", ""ready-to-weigh(apple1)"": ""true"", ""holding-left(clerk1, apple2)"": ""false"", ""ready-to-weigh(apple2)"": ""true"", ""at(clerk1, fruit-sec)"": ""false"", ""has-product(fruit-sec, apple1)"": ""false"", ""has-product(fruit-sec, apple2)"": ""false"", ""connected(fruit-sec, veg-sec)"": ""true"", ""connected(veg-sec, fruit-sec)"": ""true"", ""connected(veg-sec, scale-sec)"": ""true"", ""connected(scale-sec, veg-sec)"": ""true"", ""scale-at(main-scale, scale-sec)"": ""true"", ""connected(fruit-sec, fruit-sec)"": ""false"", ""connected(scale-sec, fruit-sec)"": ""false"", ""connected(veg-sec, veg-sec)"": ""false"", ""connected(fruit-sec, scale-sec)"": ""false"", ""connected(scale-sec, scale-sec)"": ""false"", ""scale-at(main-scale, fruit-sec)"": ""false"", ""scale-at(main-scale, veg-sec)"": ""false"", ""has-product(veg-sec, apple1)"": ""false"", ""has-product(scale-sec, apple1)"": ""false"", ""has-product(veg-sec, apple2)"": ""false"", ""has-product(scale-sec, apple2)"": ""false"", ""has-product(fruit-sec, carrot1)"": ""false"", ""has-product(scale-sec, carrot1)"": ""false"", ""has-product(fruit-sec, potato1)"": ""false"", ""has-product(scale-sec, potato1)"": ""false"", ""has-product(fruit-sec, tomato1)"": ""false"", ""has-product(scale-sec, tomato1)"": ""false"", ""holding-left(clerk1, apple1)"": ""false"", ""holding-left(clerk1, carrot1)"": ""false"", ""holding-left(clerk1, potato1)"": ""false"", ""holding-right(clerk1, apple2)"": ""false"", ""holding-right(clerk1, tomato1)"": ""false"", ""ready-to-weigh(potato1)"": ""false"", ""ready-to-weigh(tomato1)"": ""false""}";pick-up-left;"[""clerk1"", ""fruit-sec"", ""apple1""]";False;None
"{""at(clerk1, veg-sec)"": ""false"", ""at(clerk1, scale-sec)"": ""true"", ""has-product(veg-sec, tomato1)"": ""false"", ""left-hand-free(clerk1)"": ""false"", ""holding-left(clerk1, tomato1)"": ""true"", ""has-product(veg-sec, potato1)"": ""false"", ""right-hand-free(clerk1)"": ""false"", ""holding-right(clerk1, potato1)"": ""true"", ""holding-right(clerk1, carrot1)"": ""false"", ""ready-to-weigh(carrot1)"": ""true"", ""has-product(veg-sec, carrot1)"": ""false"", ""holding-right(clerk1, apple1)"": ""false"", ""ready-to-weigh(apple1)"": ""true"", ""holding-left(clerk1, apple2)"": ""false"", ""ready-to-weigh(apple2)"": ""true"", ""at(clerk1, fruit-sec)"": ""false"", ""has-product(fruit-sec, apple1)"": ""false"", ""has-product(fruit-sec, apple2)"": ""false"", ""connected(fruit-sec, veg-sec)"": ""true"", ""connected(veg-sec, fruit-sec)"": ""true"", ""connected(veg-sec, scale-sec)"": ""true"", ""connected(scale-sec, veg-sec)"": ""true"", ""scale-at(main-scale, scale-sec)"": ""true"", ""connected(fruit-sec, fruit-sec)"": ""false"", ""connected(scale-sec, fruit-sec)"": ""false"", ""connected(veg-sec, veg-sec)"": ""false"", ""connected(fruit-sec, scale-sec)"": ""false"", ""connected(scale-sec, scale-sec)"": ""false"", ""scale-at(main-scale, fruit-sec)"": ""false"", ""scale-at(main-scale, veg-sec)"": ""false"", ""has-product(veg-sec, apple1)"": ""false"", ""has-product(scale-sec, apple1)"": ""false"", ""has-product(veg-sec, apple2)"": ""false"", ""has-product(scale-sec, apple2)"": ""false"", ""has-product(fruit-sec, carrot1)"": ""false"", ""has-product(scale-sec, carrot1)"": ""false"", ""has-product(fruit-sec, potato1)"": ""false"", ""has-product(scale-sec, potato1)"": ""false"", ""has-product(fruit-sec, tomato1)"": ""false"", ""has-product(scale-sec, tomato1)"": ""false"", ""holding-left(clerk1, apple1)"": ""false"", ""holding-left(clerk1, carrot1)"": ""false"", ""holding-left(clerk1, potato1)"": ""false"", ""holding-right(clerk1, apple2)"": ""false"", ""holding-right(clerk1, tomato1)"": ""false"", ""ready-to-weigh(potato1)"": ""false"", ""ready-to-weigh(tomato1)"": ""false""}";place-on-scale-right;"[""clerk1"", ""potato1"", ""scale-sec"", ""main-scale""]";True;"{""right-hand-free(clerk1)"": ""true"", ""holding-right(clerk1, potato1)"": ""false"", ""ready-to-weigh(potato1)"": ""true"", ""at(clerk1, veg-sec)"": ""false"", ""at(clerk1, scale-sec)"": ""true"", ""has-product(veg-sec, tomato1)"": ""false"", ""left-hand-free(clerk1)"": ""false"", ""holding-left(clerk1, tomato1)"": ""true"", ""has-product(veg-sec, potato1)"": ""false"", ""holding-right(clerk1, carrot1)"": ""false"", ""ready-to-weigh(carrot1)"": ""true"", ""has-product(veg-sec, carrot1)"": ""false"", ""holding-right(clerk1, apple1)"": ""false"", ""ready-to-weigh(apple1)"": ""true"", ""holding-left(clerk1, apple2)"": ""false"", ""ready-to-weigh(apple2)"": ""true"", ""at(clerk1, fruit-sec)"": ""false"", ""has-product(fruit-sec, apple1)"": ""false"", ""has-product(fruit-sec, apple2)"": ""false"", ""connected(fruit-sec, veg-sec)"": ""true"", ""connected(veg-sec, fruit-sec)"": ""true"", ""connected(veg-sec, scale-sec)"": ""true"", ""connected(scale-sec, veg-sec)"": ""true"", ""scale-at(main-scale, scale-sec)"": ""true"", ""connected(fruit-sec, fruit-sec)"": ""false"", ""connected(scale-sec, fruit-sec)"": ""false"", ""connected(veg-sec, veg-sec)"": ""false"", ""connected(fruit-sec, scale-sec)"": ""false"", ""connected(scale-sec, scale-sec)"": ""false"", ""scale-at(main-scale, fruit-sec)"": ""false"", ""scale-at(main-scale, veg-sec)"": ""false"", ""has-product(veg-sec, apple1)"": ""false"", ""has-product(scale-sec, apple1)"": ""false"", ""has-product(veg-sec, apple2)"": ""false"", ""has-product(scale-sec, apple2)"": ""false"", ""has-product(fruit-sec, carrot1)"": ""false"", ""has-product(scale-sec, carrot1)"": ""false"", ""has-product(fruit-sec, potato1)"": ""false"", ""has-product(scale-sec, potato1)"": ""false"", ""has-product(fruit-sec, tomato1)"": ""false"", ""has-product(scale-sec, tomato1)"": ""false"", ""holding-left(clerk1, apple1)"": ""false"", ""holding-left(clerk1, carrot1)"": ""false"", ""holding-left(clerk1, potato1)"": ""false"", ""holding-right(clerk1, apple2)"": ""false"", ""holding-right(clerk1, tomato1)"": ""false"", ""ready-to-weigh(tomato1)"": ""false""}"
"{""at(clerk1, veg-sec)"": ""false"", ""at(clerk1, scale-sec)"": ""true"", ""has-product(veg-sec, tomato1)"": ""false"", ""left-hand-free(clerk1)"": ""false"", ""holding-left(clerk1, tomato1)"": ""true"", ""has-product(veg-sec, potato1)"": ""false"", ""right-hand-free(clerk1)"": ""false"", ""holding-right(clerk1, potato1)"": ""true"", ""holding-right(clerk1, carrot1)"": ""false"", ""ready-to-weigh(carrot1)"": ""true"", ""has-product(veg-sec, carrot1)"": ""false"", ""holding-right(clerk1, apple1)"": ""false"", ""ready-to-weigh(apple1)"": ""true"", ""holding-left(clerk1, apple2)"": ""false"", ""ready-to-weigh(apple2)"": ""true"", ""at(clerk1, fruit-sec)"": ""false"", ""has-product(fruit-sec, apple1)"": ""false"", ""has-product(fruit-sec, apple2)"": ""false"", ""connected(fruit-sec, veg-sec)"": ""true"", ""connected(veg-sec, fruit-sec)"": ""true"", ""connected(veg-sec, scale-sec)"": ""true"", ""connected(scale-sec, veg-sec)"": ""true"", ""scale-at(main-scale, scale-sec)"": ""true"", ""connected(fruit-sec, fruit-sec)"": ""false"", ""connected(scale-sec, fruit-sec)"": ""false"", ""connected(veg-sec, veg-sec)"": ""false"", ""connected(fruit-sec, scale-sec)"": ""false"", ""connected(scale-sec, scale-sec)"": ""false"", ""scale-at(main-scale, fruit-sec)"": ""false"", ""scale-at(main-scale, veg-sec)"": ""false"", ""has-product(veg-sec, apple1)"": ""false"", ""has-product(scale-sec, apple1)"": ""false"", ""has-product(veg-sec, apple2)"": ""false"", ""has-product(scale-sec, apple2)"": ""false"", ""has-product(fruit-sec, carrot1)"": ""false"", ""has-product(scale-sec, carrot1)"": ""false"", ""has-product(fruit-sec, potato1)"": ""false"", ""has-product(scale-sec, potato1)"": ""false"", ""has-product(fruit-sec, tomato1)"": ""false"", ""has-product(scale-sec, tomato1)"": ""false"", ""holding-left(clerk1, apple1)"": ""false"", ""holding-left(clerk1, carrot1)"": ""false"", ""holding-left(clerk1, potato1)"": ""false"", ""holding-right(clerk1, apple2)"": ""false"", ""holding-right(clerk1, tomato1)"": ""false"", ""ready-to-weigh(potato1)"": ""false"", ""ready-to-weigh(tomato1)"": ""false""}";move;"[""clerk1"", ""fruit-sec"", ""veg-sec""]";False;None
"{""at(clerk1, veg-sec)"": ""false"", ""at(clerk1, scale-sec)"": ""true"", ""has-product(veg-sec, tomato1)"": ""false"", ""left-hand-free(clerk1)"": ""false"", ""holding-left(clerk1, tomato1)"": ""true"", ""has-product(veg-sec, potato1)"": ""false"", ""right-hand-free(clerk1)"": ""false"", ""holding-right(clerk1, potato1)"": ""true"", ""holding-right(clerk1, carrot1)"": ""false"", ""ready-to-weigh(carrot1)"": ""true"", ""has-product(veg-sec, carrot1)"": ""false"", ""holding-right(clerk1, apple1)"": ""false"", ""ready-to-weigh(apple1)"": ""true"", ""holding-left(clerk1, apple2)"": ""false"", ""ready-to-weigh(apple2)"": ""true"", ""at(clerk1, fruit-sec)"": ""false"", ""has-product(fruit-sec, apple1)"": ""false"", ""has-product(fruit-sec, apple2)"": ""false"", ""connected(fruit-sec, veg-sec)"": ""true"", ""connected(veg-sec, fruit-sec)"": ""true"", ""connected(veg-sec, scale-sec)"": ""true"", ""connected(scale-sec, veg-sec)"": ""true"", ""scale-at(main-scale, scale-sec)"": ""true"", ""connected(fruit-sec, fruit-sec)"": ""false"", ""connected(scale-sec, fruit-sec)"": ""false"", ""connected(veg-sec, veg-sec)"": ""false"", ""connected(fruit-sec, scale-sec)"": ""false"", ""connected(scale-sec, scale-sec)"": ""false"", ""scale-at(main-scale, fruit-sec)"": ""false"", ""scale-at(main-scale, veg-sec)"": ""false"", ""has-product(veg-sec, apple1)"": ""false"", ""has-product(scale-sec, apple1)"": ""false"", ""has-product(veg-sec, apple2)"": ""false"", ""has-product(scale-sec, apple2)"": ""false"", ""has-product(fruit-sec, carrot1)"": ""false"", ""has-product(scale-sec, carrot1)"": ""false"", ""has-product(fruit-sec, potato1)"": ""false"", ""has-product(scale-sec, potato1)"": ""false"", ""has-product(fruit-sec, tomato1)"": ""false"", ""has-product(scale-sec, tomato1)"": ""false"", ""holding-left(clerk1, apple1)"": ""false"", ""holding-left(clerk1, carrot1)"": ""false"", ""holding-left(clerk1, potato1)"": ""false"", ""holding-right(clerk1, apple2)"": ""false"", ""holding-right(clerk1, tomato1)"": ""false"", ""ready-to-weigh(potato1)"": ""false"", ""ready-to-weigh(tomato1)"": ""false""}";pick-up-right;"[""clerk1"", ""scale-sec"", ""apple2""]";False;None
